newsId,url,title,content,summary,keyword,publishAt,categoryName,categoryId
5740905,https://news.cnyes.com/news/id/5740905,熱門股聚鼎9月營收報喜 股價奔漲停創28個月新高,"保護元件廠聚鼎 6224TW9 月營收報喜前 9 月營收重返成長軌道，周五股價直奔漲停 75.9 元，創 2022 年 7 月以來 28 個月新高，周漲 14。

聚鼎 9 月營收 3.32 億元，月增 19.3年增 30.6，創歷史單月次高同期新高；累計前 9 月營收來到 21.64 億元，年增 1.2，由先前衰退轉為成長。

據了解，聚鼎受惠元件產品出貨成長，今年以來營收表現逐步回升，加上美系客戶智慧手機新機上市，也推升公司 9 月營收大幅成長。

此外，聚鼎轉投資的美國 TCLAD 產能瓶頸狀況改善虧損已明顯收斂，集團整合效益可望逐漸發酵，有助後續獲利表現。


聚鼎日 K 線圖",熱門股聚鼎 9 月營收報喜 股價奔漲停創 28 個月新高,"[""聚鼎"", ""保護元件"", ""營收""]",2024-10-12 13:25:37,台股新聞,827
5740907,https://news.cnyes.com/news/id/5740907,企業瘦身！大摩：亞馬遜擬全球經理級別大裁員 明年初前裁撤1.4萬人,"近日，根據摩根士丹利的內部報告，亞馬遜 AMZNUS 計劃在 2025 年初前裁除約 1.4 萬名管理層人員。

這一消息引發了廣泛的關注，尤其是在亞馬遜於 9 月 16 日宣布取消遠程工作WFH政策後，要求所有員工自 2025 年 1 月起全職回辦公室工作。許多人對這一變化感到擔憂，認為這可能預示著公司將進行更大規模的裁員。

摩根士丹利的報告指出，亞馬遜每名管理者的年成本在 20 萬至 35 萬美元之間。亞馬遜此次很可能大幅縮編全球管理職人數，從目前的 10.57 萬人大幅減少至 9.19 萬人，因此每年可節省 21 億至 36 億美元，讓公司年營收提高 3 至 5。

摩根士丹利認為，縮編不僅是為了降低成本，更是為了應對市場環境的變化，對亞馬遜整體營運有利，藉由精簡組織架構與層級，讓公司運作能加快腳步。

亞馬遜執行長賈西Andy Jassy在內部備忘錄中提到，將提高個人貢獻者與管理者的比例，以簡化組織結構，消除多餘的管理層級，使公司運作更為高效。這一變革不僅是對內部管理的反思，也反映了公司對未來發展方向的重新思考。

然而，這一裁員計畫恐重挫員工士氣，大規模裁員的消息可能會導致剩餘員工感到不安與不確定，進而影響公司整體生產力和創新能力。

此外，裁員後，亞馬遜可能會將資源重新分配至初級職位的招聘上，這將為求職者提供新的機會。市場上已有消息指出，亞馬遜計劃在 2025 年前的幾個季度內加大對初級職位的招聘力度。

最終，亞馬遜的裁員計畫不僅是公司內部的一次重大調整，也可能成為行業的風向標，影響未來的招聘與用人策略。在不斷變化的科技行業中，亞馬遜的這一決策將可能引發其他公司類似的行動，進一步加劇行業內的競爭與變革。如何在降低成本的同時保持員工的士氣，將是亞馬遜未來必須面對的重要挑戰。",近日，根據摩根士丹利的內部報告，亞馬遜計劃在 2025 年初前裁除約 1.4 萬名管理層人員。,"[""摩根士丹利"", ""裁員"", ""亞馬遜"", ""美股""]",2024-10-12 13:19:46,美股雷達,831
5740899,https://news.cnyes.com/news/id/5740899,馬斯克畫大餅 華爾街嚥不下！諸多質疑點 特斯拉股價重挫近9,"特斯拉 TSLAUS 萬眾矚目的 Robotaxi 終於揭開神秘面紗，執行長馬斯克 Elon Musk 在這場自詡能載入史冊的活動中，他乘坐一輛名為 Cybercab 的無人駕駛計程車出場。該車型沒有方向盤和踏板，具備感應充電功能，預計在 2026 年投產，成本低於 3 萬美元。


圖片來源：特斯拉官網


此外，特斯拉還展示了一款可以容納 20 人的無人駕駛多功能車 Robovan。馬斯克還歡迎所有特斯拉車主加入共享車隊，形成龐大的服務營運網絡，這一系列創新被視為馬斯克的交通行業革命，然而華爾街對這一切的反應卻顯得冷淡。

Robotaxi 的市場潛力與挑戰

馬斯克在發表會上強調，Robotaxi 的使用率若能從目前的每週 10 小時提升至 100 小時，將大幅降低出行成本，預計為 0.2 美元每公里，在美國含稅與其他費用後約每公里 3040 美分，此親民價格將使得出行更加普及。

無人駕駛貨運車 Robovan 的運輸成本可以降到 510 美分  英里。馬斯克表示，未來消費者可以購買 Cybercab，不僅可以滿足自身的出行需求，還能加入特斯拉 Robovan 服務網絡，讓 Cybercab 為車主賺錢。

然而，儘管這個商業模式看似具有吸引力，但投資者的信心卻未能跟上。發表會後，特斯拉股價在美東時間周四盤前下跌近 7，最終重挫 8.78，收每股 217.80 美元，創下過去兩個月的最大跌幅，年內累積下滑超過 12，顯示出市場對其未來獲利能力的疑慮。

華爾街的質疑聲

1.Robotaxi 實際落地能力令人質疑，尤其是在中國市場

華爾街對特斯拉的自動駕駛願景表現出明顯的懷疑。儘管馬斯克稱此次發表會是自 Model 3 以來最重要的時刻，但分析師們對 Robotaxi 的實際落地能力表示擔憂。特斯拉在自動駕駛技術上的進展仍需時間來驗證，尤其是在中國市場，FSD完全自動駕駛尚未落地，這使得 Robotaxi 的市場影響力受到限制。

即使 FSD 在中國落地，特斯拉 Robotaxi 在中國短時間內仍難以帶來威脅，畢竟 FSD 需要時間收集資料。

2. 中國出行服務市場已有霸主滴滴與眾多新創強者盤據

此外，隨著中國出行服務市場的快速發展，滴滴等本土企業已在無人駕駛領域展開佈局。

身為市場的領導者，滴滴出行在中國共享旅遊市場中佔有了重要地位。滴滴上半年財報顯示，2024 年上半年營收為 999.36 億元，較上年同期的 915.6 億元成長 9.15。其中，營運利潤為 12.08 億元，淨利為 6.14 億元，而上年同期的淨虧損 9.23 億元。

作為 2012 年成立的公司，滴滴在 2023 年才首次實現年度淨利為正。今年上半年淨利持續向好業務方面，滴滴 2024 年第二季度中國出行總單量為 30.04 億單，較上年同期增長 12.3；國際業務總單量為 8.71 億單，較上年同期增長 39.1。中國旅遊及國際業務日均單量分別達 3,300 萬單957 萬單，持續創歷史新高。

很顯然，從滴滴的業務表現可知，不管是國內還是國外的出行服務市場，仍處於快速成長狀態。

除了滴滴，市場上還湧現許多新興企業，如美團曹操出行和蘿蔔快跑等。這些企業透過創新的商業模式和技術手段，積極參與共享出行市場。尤其是蘿蔔快跑，近期在全球佈局方面取得了顯著進展，計劃推出無人駕駛計程車服務。

雖然麥肯錫的報告指出，Robotaxi 市場預計在未來幾年內以超過 75 的複合年增長率成長，到 2032 年市值可能達到 78.42 億美元，但特斯拉在這一領域的競爭並不輕鬆。

3. 未見 Robotaxi 具體生產時間表技術細節監管合規資訊

同時，市場也對特斯拉 Robotaxi 計畫缺乏具體的生產時間表和技術細節表示不滿。馬斯克僅透露 CyberCab 將於 2026 年開始生產，未能提供更多關於商業模式和監管合規的資訊。

4. 電動車市場競爭加劇 特斯拉未見新電動車型 

分析師指出，特斯拉的股價已包含對未來成長的高期望，但缺乏新車型的發布使得投資者感到失望。雖然 Model Y 和 Model 3 依然是全球最暢銷的電動車型，但都已經發布了超過五年時間，華爾街對特斯拉的未來前景持謹慎態度，尤其是在電動車市場競爭加劇的背景下。

5. 買得起的車才是重點：未見面向家用市場入門車

市場觀察家認為，特斯拉急需推出更現實的入門車型，以刺激銷售量。儘管馬斯克今年 7 月承諾，將繼續按計畫在明年發布新的入門車型，但此次發表會未能提供相關訊息，進一步加劇了市場的不安。投資人迫切希望看到成長放緩的特斯拉盡快發布計畫中的 2 萬美元入門車型 Model 2，為特斯拉帶來新的銷售成長推動力。

CFRA 分析師 Garrett Nelson 表示：特斯拉近期產品路線圖缺乏細節，讓我們感到失望。

在全球電動車市場降溫的情況下，特斯拉的成長潛力受到挑戰。馬斯克的自動駕駛和機器人願景雖吸引眼球，但投資人更希望看到短期內能推動銷售的實際產品。隨著市場對特斯拉未來的期待逐漸降低，華爾街對這家電動車巨頭的信心也逐漸減弱。

馬斯克別畫餅了！

儘管特斯拉的 Robotaxi 計畫展現了未來出行的潛力，華爾街的反應卻揭示了市場對馬斯克畫餅能力的審慎態度。投資者對特斯拉能否在激烈的市場競爭中脫穎而出實現盈利持保留態度。未來，特斯拉需要不僅在技術上取得突破，更需在商業模式的可持續性上贏得市場信任。",特斯拉 TSLAUS 萬眾矚目的 Robotaxi 終於揭開神秘面紗，一系列創新被視為馬斯克的交通行業革命，然而華爾街對這一切的反應卻顯得冷淡。,"[""馬斯克"", ""自動駕駛"", ""robotaxi"", ""robovan"", ""滴滴"", ""Cyber​​cab""]",2024-10-12 13:00:02,美股雷達,831
5740896,https://news.cnyes.com/news/id/5740896,熱門股紘康將併入矽統 單周上漲14創波段高,"MCU 業者紘康 6457TW 本周通過股東臨時會，與矽統 2363TW 進行股份轉換，預計 2025 年元旦正式併入矽統，在未來展望看佳與合併案順利通過下，本周股價也同慶，最高一度達 72.3 元，創下 10 個月來新高，單周漲幅 14.11。

紘康董事長趙伯寅看好，併入矽統後的，可望加深與晶圓代工廠聯電 2303TW 的合作關係，加上提列庫存跌價損失告段落需求顯著回升，明年營收毛利率將同步向上。

紘康本周沿五日線上攻，周三更爆大量，最高衝上 72.3 元，週五終場則因漲多回檔，收在 66.3 元，三大法人中外資與自營商皆站買方，外資買超 235 張自營商小買 15 張。",MCU 業者紘康 6457TW 本周通過股東臨時會，與矽統 2363TW 進行股份轉換，預計 2025 年元旦正式併入矽統，在未來展望看佳與合併案順利通過下，本周股價也同慶，最高一度達 72.3 元，創下 10 個月來新高，單周漲,"[""紘康"", ""矽統"", ""併購"", ""MCU"", ""電源管理IC""]",2024-10-12 12:50:02,台股新聞,827
5740882,https://news.cnyes.com/news/id/5740882,熱門股光通訊3尖兵9月營收個個強勁 周漲幅最高逾26,"隨 AI 技術發展，矽光子技術能有效降低能耗，重要性日漸增加，帶動相關光通訊廠業績強勢，光聖 6442TW聯鈞 3450TW9 月營收雙雙創歷史紀錄，上詮 3363TW 營收也維持近期高檔，帶動本周股價表現亮眼，其中上詮周漲幅最高，達 26.4。

聯鈞 9 月營收 7.97 億元，月增 21.2，年增 63.12，創下歷史新高；第三季營收約 20.9 億元，季增約 23年增約 49.2；累計前 9 月營收 50.91 億元，年增 28.53。

聯鈞本周漲幅 8.9，股價最高來到 210.5 元，創歷史新高，11 日收盤價 207.5 元。聯鈞表示，受惠於客戶需求暢旺，挹注 9 月營收成長，旗下主動式光纜 AOC 產品，已獲美系雲端平台青睞，可望成公司成長動力。

光聖 9 月營收 5.61 億元，創歷史次高，月增 5.3，年增 179；第三季營收 16.4 億元，創歷史新高，季增 13.8，年增 146；累計前 9 個月營收，營收 39.09 億元，年增 95.71。

光聖本周漲幅 17.04，11 日收盤價為 422.5 元，成功站上所有均線。光聖受惠於光主動元件獲美系資料中心客戶青睞，被動產品自製比率提升至 7 成；轉投資公司合聖也開發出矽光子晶片所需製程設計套件，未來有望切入 AI GPU 系統數據中心次世代 CPO 交換機全光網路等領域。

上詮 9 月營收 1.22 億元，月減 3.3年增 24.58；第 3 季營收 3.83 億元，登上八季來高點，季增 8.5，年增 16.8；累計前 9 個月達 10.04 億元，較去年同期成長 7.4。

上詮本周漲幅達 26.4，11 日收盤價為 246 元，股價來到歷史高點。上詮主力為光纖和矽光子晶片連接器，且為台積電 2330TW 檯面上唯一光通訊夥伴，將跟隨台積電腳步推矽光子進度，產品預計於 2026 年放量。",隨 AI 技術發展，矽光子技術能有效降低能耗，重要性日漸增加，帶動相關光通訊廠業績強勢，光聖 6442TW聯鈞 3450TW9 月營收雙雙創歷史紀錄，上詮 3363TW 營收也維持近期高檔，帶動本周股價表現亮眼,"[""光聖"", ""聯鈞"", ""上詮"", ""矽光子"", ""CPO"", ""營收""]",2024-10-12 12:30:12,台股新聞,827
5740878,https://news.cnyes.com/news/id/5740878,跟著巴菲特搭順風船！法人：航運股彎道超車 00960具價值回升空間,"近期市場消息指出，股神巴菲特的投資公司波克夏公司將發行一系列日元債券，籌得買進日本股票的資金，且鎖定標的包括航運類股。巴菲特常用資產報酬率 ROA股東權益報酬率 ROE 來選股，全球航運龍頭指數則擁有與美股相近的 ROE甚至是美股 2 倍以上水準的 ROA，可見航運股更富吸引力，未來具有較多價值回升空間。

野村投信表示，目前全球航運股在評價面上相當具有吸引力，例如 NYSE FactSet 全球航運龍頭息收指數預估本益比 PE 僅 4.97 倍，相較於美國 SP 500 指數的 20.92 倍差距甚大，而就股價淨值比來說，全球航運龍頭指數亦只有 0.85 倍，遠低於美股 SP 500 指數的 4.36 倍。

若觀察巴菲特常用的評估指標如資產報酬率 ROA股東權益報酬率 ROE 來看，全球航運龍頭指數則擁有與美股相近的 ROE甚至是美股 2 倍以上水準的 ROA，意謂著評價面更低廉但報酬潛力更加領先，未來可望具有較多價值回升空間。巴菲特是價值型投資人，相較於不斷創新高的美股更青睞尋找有基本面且未來具價值回升機會的投資標的，才能在瞬息萬變的投資世界中蓬勃發展。

00960 野村全球航運龍頭息收 ETF 經理人張怡琳分析表示，航運股與全球經濟與貿易成長具高度連動性，因此只要經濟與貿易活動穩健向上，全球航運股長期向上可期，全球貿易逾九成靠海運，加上貨櫃裝載民生物資屬剛性需求，與景氣連動度高。

根據統計，在盤勢拉回期間如持有航運一年以上平均的表現，可望報酬表現更為亮眼，加上 NYSE FactSet 全球航運龍頭息收指數，目前本益比不到 5 倍，股價淨值比低於一的優勢，航運後市值得期待。即便國際碼頭工人協會 103 達成協議，暫停為期 3 天的罷工，航運股運價拉回修正，然而只要全球經濟與貿易活動穩健向上，全球航運股長期表現便可期，中長線投資人反而可趁機進場。

張怡琳也提醒投資人，航運屬於單一產業股票且近期消息面變化快速，波動性將高於一般全球型股票，因此想跟著巴菲特一起參與全球航運大行情，最簡單的做法就是透過如國內首檔航運 ETF，00960 一次網羅全球三大航運類別貨櫃油輪及散裝龍頭企業。

00960 自 9 月 20 日上市以來，股價最高衝至 9 月 25 日的 19.09 元，最新收盤價為 10 月 11 日的 15.09 元。根據集保所資料，目前資產規模為 34.86 億元，受益人為 2.61 萬人，成交值高達 60.1 億元。",近期市場消息指出，股神巴菲特的投資公司波克夏公司將發行一系列日元債券，籌得買進日本股票的資金，且鎖定標的包括航運類股。巴菲特常用資產報酬率 ROA股東權益報酬率 ROE 來選股，全球航運龍頭指數則有與美股相近的 ROE,"[""航運股"", ""全球航運龍頭息收指數"", ""00960"", ""野村投信""]",2024-10-12 12:10:03,ETF,914
5740900,https://news.cnyes.com/news/id/5740900,中國六大行官宣：進行存量房貸利率批量調整,"中國工商銀行農業銀行中國銀行建設銀行交通銀行郵政儲蓄銀行等多家銀行陸續發佈公告，10 月 25 日起，將對存量個人房貸利率進行批量調整。

除貸款在北京上海深圳等地區且為二套房貸款的情形外，其他符合條件的房貸利率都將調整為貸款市場報價利率 LPR30BP。

據官媒央視新聞媒體試算，在 5 年期以上貸款市場報價利率 LPR 保持 3.85 不變的前提下：

假設在某二線城市，購房者當前房貸利率為貸款市場報價利率 LPR 不加點，即 3.85，調整後房貸利率為 LPR30BP，重定價後利率為 3.850.3，即 3.55，比調整前下降了 0.3。以貸款金額 100 萬元30 年期等額本息的房貸為例，調整後每月可節省支出約 170 元，總共節省利息約 6.1 萬元。

假設在某一線城市，購房者當前房貸利率為貸款市場報價利率 LPR55BP貸款發放時首套房貸利率政策，即 4.4，調整後房貸利率為 LPR30BP，重定價後利率為 3.850.3，即 3.55，比調整前下降 0.85。以貸款金額 100 萬元25 年期等額本息的房貸為例，調整後每月可節省支出約 469 元，總共節省利息約 14.06 萬元。

據統計，此次存量房貸利率下調預計惠及 5000 萬戶家庭，1.5 億人口，平均每年減少家庭利息支出 1500 億元左右。",中國工商銀行農業銀行中國銀行建設銀行交通銀行郵政儲蓄銀行等多家銀行陸續發佈公告，10 月 25 日起，將對存量個人房貸利率進行批量調整。,"[""中國房產"", ""樓市"", ""房地產"", ""存量房貸"", ""房貸利率""]",2024-10-12 11:50:02,大陸房市,848
5740865,https://news.cnyes.com/news/id/5740865,法國信評遭惠譽砍至負面 2028年債務GDP占比恐達118.5,"信用評等機構惠譽周五 11 日 已將法國的信用評級展望自穩定調整為負面，反映該國在經濟增長和公共財政方面面臨的挑戰。

惠譽指出，由於稅收收入低於預期而支出超出預期，法國今年的公共財政又急劇惡化，公共債務水準持續上升，預計未來幾年內將難以顯著降低。此外，經濟增長放緩，以及高通膨率對家庭支出的影響，恐進一步限制政府的財政靈活性。

惠譽在一份聲明中表示，法國今年預計財政下滑，使其處於更糟的財政起始位置。這意味著法國的財政赤字將擴大，導致政府債務在 2028 年前將上升到佔 GDP 的 118.5。儘管如此，惠譽仍將法國的信用評級保持在AA。

惠譽強調，法國政府需要採取更有效的政策來應對這些挑戰，以維持其投資級信用評級。惠譽分析師表示，若未來的經濟表現未能改善，將可能進一步下調法國的信用評級。

法國周四提出 2025 年預算，旨在透過針對富人和大公司的支出削減和增稅，將公共財政缺口縮小 600 億歐元655 億美元。

惠譽的評級調整引發了市場的廣泛關注，投資者對法國國債的需求可能會受到影響，進一步影響該國的融資成本。

法國政府尚未對此消息發表正式回應，但分析人士認為，這一評級前景可能會促使政府加快財政改革的步伐。",信用評等機構惠譽周五 11 日 已將法國的信用評級展望自穩定調整為負面，反映該國在經濟增長和公共財政方面面臨的挑戰。,"[""法國"", ""惠譽"", ""債信""]",2024-10-12 11:33:49,國際政經,833
5740897,https://news.cnyes.com/news/id/5740897,中國財政部：將大規模置換地方隱性債 2024年安排財政赤字4.06兆元,"中國國務院新聞辦公室今日舉行新聞發布會，介紹加大財政政策逆周期調節力度推動經濟高質量發展有關情況。財政部部長藍佛安在會上表示，中央財政還有較大的舉債空間和赤字提升空間。

中國財政部副部長廖岷財政部副部長王東偉財政部副部長郭婷婷也出席記者會回答問題。

財政部指出，目前，增發國債正在加快使用，超長期特別國債也在陸續下達使用。專項債券方面，待發額度加上已發未用的資金，後三個月各地共有人民幣 2.3 兆元專項債券資金可安排使用。財政部將督促地方切實用好各類債券資金，加快項目實施進度，根據實際需要及時撥付資金，儘快形成實物工作量，發揮對投資的拉動作用。

藍佛安強調，這項即將實施的政策是近年來推出的支持化債力度最大的一項措施，這無疑是一場政策及時雨，將大大減輕地方化債壓力，可以騰出更多資源發展經濟，提振經營主體信心，鞏固基層三保。

藍佛安表示，2024 年安排財政赤字 4.06 兆元，比上年年初預算增加 1800 億元；新增地方政府專項債務限額 3.9 兆元，比上年增加 1000 億元；發行 1 兆超長期特別國債，用好 2023 年增發國債資金，全年一般公共預算支出規模達到 28.55 兆元，持續保持較高的支出強度，為高質量發展提供有力支撐。

要點速覧


1. 中國財政有足夠的韌勁，通過採取綜合性措施，可以實現收支平衡，完成今年預算目標。
2. 推出一攬子增量政策：①支持地方化解隱性債務；②支持國有大型商業銀行補充核心一級資本；③支持推動房地產市場止跌回穩；④加大對重點群體的支持保障力度等。
3. 在工作中既要依法依規籌集財政收入，也要避免收 過頭稅，切實維護經營主體的權益。
4. 2024 年中央財政安排對地方轉移支付超 10 萬億元，將更多資金用於補充地方財力，支持地方兜牢基層 三保 底線。
5. 指導地方使用預算穩定調節基金等資金，保障財政支出的需要。
6. 擬一次性增加較大規模債務限額，置換地方政府存量隱性債務，加大力度支持地方化解債務風險。
7. 鼓勵有條件的地方盤活閒置資產，加強國有資本收益管理。
8. 用足用好各類債務資金，目前增發國債正在加快使用，超長期特別國債陸續下達使用，後三個月，各地共有 2.3 萬億元專項債資金可以安排使用。
9. 擬一次性增加較大規模債務限額，置換地方政府存量隱性債務。
10. 正在抓緊研究明確和取消普通住宅和非普通住宅標準相銜接的增值稅政策。
11. 2024 年進一步提高了城鄉居民基礎養老金最低標準，是歷次提標調整幅度最大，退休人員養老金水平總體提高 3 左右。
12. 下一步專項債重點是研究擴大專項債使用範圍，健全管理機制。
13. 2024 年國家獎學金獎勵名額將翻倍。
14. 擬在今明兩年集中推出一批條件成熟可感可及的改革舉措，如健全預算制度完善財政轉移支付體系等。


陸續推出一攬子有針對性增量政策舉措

藍佛安表示，依據 9 月 26 日召開的中央政治局會議部署，財政部在加快落實已確定政策的基礎上，圍繞穩增長擴內需化風險，將在近期陸續推出一攬子有針對性增量政策舉措。主要包括以下幾個方面：

一是加力支持地方化解政府債務風險，較大規模增加債務額度，支持地方化解隱性債務，地方可以騰出更多精力和財力空間來促發展保民生。

二是發行特別國債支持國有大型商業銀行補充核心一級資本，提升這些銀行抵御風險和信貸投放能力，更好地服務實體經濟發展。

三是疊加運用地方政府專項債券專項資金稅收政策等工具，支持推動房地產市場止跌回穩。

四是加大對重點群體的支持保障力度，國慶節前已向困難群眾發放一次性生活補助，下一步還將針對學生群體加大獎優助困力度，提升整體消費能力。

藍佛安說：逆周期調節絕不僅僅是以上的四點，這四點是目前已經進入決策程序的政策，還有其他政策工具也正在研究中。

加大力度支持地方化解債務風險

藍佛安表示，擬一次性增加較大規模債務限額，置換地方政府存量隱性債務，加大力度支持地方化解債務風險，相關政策待履行相關法定程序後再向社會做詳盡說明，這項政策是近年來推出的支持化債力度最大措施，這是一場及時雨，將大大減輕地方政府壓力，可以騰出更多資源支持經濟發展，鞏固基層三保。

藍佛安指出，三保保基層保基本民生保工資工作是財政最基本的職能。總的看，當前基層三保呈現總體平穩，局部偏緊態勢。以 2023 年為例，基本三保支出約占可用財政的八成左右。局部地區三保偏緊主要是財政收入增長放緩，以及地方政府債務負擔等影響。

下一步，財政部將採取 5 項措施。一是壓實各方責任。二是增強地方財力。結合年度預算安排，持續加大中央對地方轉移支付力度。向地方下達 4000 億的債務欠款，用於補充地方綜合財力。三是強化庫款調度，持續跟蹤地方收支運行和庫款保障情況。四是緩解債務壓力，更大力度置換地方政府債務。五是加強動態監測。

推動房地產市場止跌回穩

財政部副部長廖岷介紹，財政部主要有以下三個方面的考慮：

第一，允許專項債券用於土地儲備。主要是考慮到當前各地閒置未開發的土地相對較多，支持地方政府使用專項債券回收符合條件的閒置存量土地，確有需要的地區也可以用於新增的土地儲備項目。這項政策，既可以調節土地市場的供需關係，減少閒置土地，增強對土地供給的調控能力，又有利於緩解地方政府和房地產企業的流動性和債務壓力。

第二，支持收購存量房，優化保障性住房供給。考慮到當前已建待售的住房相對較多，我們主要採取兩項支持措施：一項是，用好專項債券來收購存量商品房用作各地的保障性住房。另一項是，繼續用好保障性安居工程補助資金，原來這個資金主要是用來支持以新建方式籌集保障性住房的房源，現在我們對支持的方向作出優化調整，適當減少新建規模，支持地方更多通過消化存量房的方式來籌集保障性住房的房源。通過這兩項措施，既可以消化存量商品房，促進房地產市場的供需平衡，又可以優化保障房的供給，滿足廣大中低收入人群的住房需求。

第三，及時優化完善相關稅收政策。按照黨中央決策部署，我們正在抓緊研究明確與取消普通住宅和非普通住宅標準相銜接的增值稅土地增值稅政策。下一步，還將進一步研究加大支持力度，調整優化相關稅收政策，促進房地產市場平穩健康發展。促進房地產穩定發展是一項系統工程，需要各項政策協同發力。在政策執行中，將持續加強財政政策與其他政策的協調，加強中央與地方的聯動，加強新老政策的銜接，打好組合拳，堅定不移推動房地產市場止跌回穩。",中國國務院新聞辦公室今日舉行新聞發布會，介紹加大財政政策逆周期調節力度推動經濟高質量發展有關情況。財政部部長藍佛安在會上表示，中央財政還有較大的舉債空間和赤字提升空間。,"[""中國股市"", ""救市"", ""財政部"", ""增量"", ""刺激計畫"", ""舉債空間"", ""擴大債務"", ""近年最大力度""]",2024-10-12 11:11:22,大陸政經,837
5740851,https://news.cnyes.com/news/id/5740851,熱門股志聖半導體設備出貨增 獲外資買盤推升股價周漲16,"半導體的先進封裝製程的需求持續漲之中，也將帶動相關設備廠業績走強，設備廠志聖 2467TW 本周股價上漲 34 元或 15.96，收在 247 元，並站上所有均線，主要在外資買盤的強力加碼達 4330 張。

志聖是台積電 2330TW 的供應鏈之一，並且早已切入 CoWoSSoIC 供應鏈，志聖自結 2024 年第第三季營收 10.92 億元，季減 21.92，年增 16.44，主要是因裝機驗收時程影響。法人預期，志聖第四季營收有望季增雙位數百分比，2024 年下半年估持平上半年，全年營收獲利雙位數成長可期。

志聖本周股價上漲 34 元或 15.96，收在 247 元，並站上所有均線，主要在外資買盤的強力加碼達 4330 張，如量能持續增溫，將有助於再度挑戰前高點的 263 元。


志聖日 K 線圖",半導體的先進封裝製程的需求持續漲之中，也將帶動相關設備廠業績走強，設備廠志聖 2467TW 本周股價上漲 34 元或 15.96，收在 247 元，並站上所有均線，主要在外資買盤的強力加碼達 4330 張。,"[""志聖"", ""台積電"", ""半導體"", ""營收""]",2024-10-12 11:10:07,台股新聞,827
5740845,https://news.cnyes.com/news/id/5740845,鴻海科技日登場新光金股臨會央行打炒房鬆綁 本周大事回顧,"鴻海科技日周二 8 日 登場，董事長劉揚偉指出，AI 對企業具有商業價值，鴻海及供應鏈都準備好了，將成首個量產出貨 GB200 的公司；新光金周三 9 日 召開股臨會，72 贊成新新併；央行周三宣布提供三大協處措施，放寬限制，以下為本周大事 

鴻海科技日劉揚偉：量產出貨 GB200 搶頭香 供應鏈也準備好了 

鴻海科技日 HHTD24 周二 8 日 登場，鴻海 2317TW 董事長劉揚偉開場致詞時表示，人工智慧 AI 對企業來說具有商業價值，看起來需求非常令人振奮，而鴻海及供應鏈已準備好了，將成為首個量產出貨 GB200 的公司。 

劉揚偉也透露，目前正在墨西哥打造全球最大的 GB200 工廠，產能非常巨大。同時，他認為，隨著主權 AI概念興起，伺服器製造在地化將成為未來趨勢。 

此外，也正式發表 MODEL D 新世代多功能生活休旅車，以及 MODEL U 新型態電動中型巴士，同時正式揭露為美國合作夥伴打造的北美版 MODEL C，並預告 2025 年底正式量產推出。 

新光金股臨會72 贊成新新併 魏寶生：創造金融業歷史 

新光金 2888TW 周三 9 日 臨時股東會歷時 3 個半小時，會中股東盡情發言，普通股股東出席比率高達 85.63，最終表決，贊成比率達 72.29，董事長魏寶生宣布與台新金的合併案通過。魏寶生表示，此合併案創造了金融業歷史，將會盡快送件與主管機關溝通。 

魏寶生也透露，外資股東相當肯定此案，支持度幾乎全壘打，並強調股臨會後就是溝通的開始，爭取員工全數留任，各子公司都會深入了解；至於送件金管會時程，魏寶生說，因為主管機關最為重視員工權益，還需要時間溝通交流，盡量趕在 10 月底前送件吧。 

台新金股臨會92 贊成併購新光金 小股東贈禮盼吳東亮10 萬伏特電力 

台新金 2887TW 股東臨時會周三 9 日上午登場，討論與新光金 2888TW 合併案，普通股出席率達到 78.52，較以往股東會踴躍，最終表決，贊成權數達 92.72，超過法定規定，通過合併案。值得注意的是，首位登記發言的股東，贈送一隻皮卡丘給董事長吳東亮，希望他也能擁有 10 萬伏特的電力。 

央行打炒房的配套放寬措施來了 這三類人可免波及 

中央銀行日前祭出第七波打炒房措施，被市場解讀為史上出手最重，並將嚴重衝擊房市信心，波及無辜民眾，央行周三 9 日 宣布提供三大協處措施，排除對繼承房屋者實質換屋族的限制，且申辦新青安的首購族也不受此影響。 

房產央行打炒房鬆綁 房仲：繼承取得購屋者解套 但換屋族還要看銀行態度 

台灣央行周三 9 日 提出避免錯殺條款，針對繼承取得不動產想要購屋的民眾，可以不計入繼承取得的房屋數與房貸數戶，有利於繼承一族的購屋申貸，另外，針對換屋族群可以用切結出售舊屋方式，取得較好的房貸條件，信義房屋 9940TW 不動產企研室專案經理曾敬德表示，央行避開可能會錯殺到的族群，但整體而言房貸的水龍頭還是沒有打開。 

台積電 9 月營收創次高 Q3 營收 7596 億元飛越財測寫新高 

晶圓代工大廠台積電 2330TWTSMUS 周三 9 日 公布 9 月營收為新台幣 2518 億 7300 萬元，改寫歷史單月次高，月增 0.4，年增 39.6，第三季營收為新台幣 7596 億 9243 萬元，創下單季新高，也超越財測高標 7540 億元，季增 12.8，年增 39，累計前三季營收為新台幣 2 兆 258 億 4700 萬元，年增 31.9。",鴻海科技日 8 日登場，董事長劉揚偉指出，AI 對企業具有商業價值，鴻海及供應鏈都準備好了，將成首個量產出貨 GB200 的公司；新光金 9 日召開股臨會，72 贊成新新併；央行周三宣布提供三大協處措施，放寬限制，以下為本周大事回顧。,"[""本周大事"", ""鴻海"", ""新光金"", ""台新金"", ""新新併"", ""央行"", ""打炒房""]",2024-10-12 10:50:02,台股新聞,827
5740876,https://news.cnyes.com/news/id/5740876,熱門股王品Q4持續展店拚佳績 周線連3紅創7月以來新高價,"連鎖餐飲集團王品 2727TW 公布第三季合併營收達 56.56 億元，創單季次高，僅次於去年同期，顯示深入在全台各地拓展的策略有成，進入第四季，王品開始與外送平台 foodpanda 合作，並維持既定的展店腳步，法人樂觀看待，第四季業績續創高可期。

王品指出，9 月在中秋節的激勵下，旗下三大燒肉品牌Oh my! 原燒肉次方和金咕韓式燒肉當日來客數甚至達 23 倍成長。

另一方面，王品較新的品牌包括就饗鐵板燒尬鍋丰禾台味風格料理等也開始展店腳步。

王品 9 月台灣事業群營收已達 14.5 億元，改寫同期新高，其中，肉次方共 4 家分店突破千萬營收，夏慕尼青花驕與和牛涮合計 7 家門店也達成千萬大店成績。

進入第四季後，王品預計持續展店，使全年達成展店約 30 家目標，值得注意的是，阪前台北桃園 2 家新店點已於 10 月開始營運，顯示切入高端鐵板燒市場有初步成果。


王品日 K 線圖",熱門股王品周線連 3 紅 創 7 月以來新高價,"[""王品"", ""餐飲"", ""熱門股"", ""營收創高"", ""展店""]",2024-10-12 10:10:05,台股新聞,827
5740866,https://news.cnyes.com/news/id/5740866,英國智庫：工黨政府恐需增稅200億英鎊 避免支出實質削減,"英國智庫決議基金會 Resolution Foundation 週六12 日 報告指出，英國新任工黨政府恐需在 10 月 30 日的首次預算中增加 200 億英鎊約合 260 億美元的稅收，才能避免公共服務的實質性削減。


實質性削減：考慮到通貨膨脹後的實際支出減少，即使名義上的預算可能沒有變化，但因為物價上漲，實際可用於公共服務的資金會減少。


該智庫建議，修訂預算規則，採用替代的公共債務定義，將使財政部長 Rachel Reeves 能夠在遵守選舉前承諾降低債務，同時也為長期投資提供資金。

報告中提到，預算應該為國會設定新的方向，推動大規模的長期資本投資計畫，考慮投資的益處與成本制定新財政政策。該智庫研究主任 James Smith 表示，工黨應該根據公共部門淨資產來定義債務，這是一種廣泛的衡量標準，能夠抵消公共資產的價值與過去的借貸，從而為額外的 500 億英鎊投資創造空間。

Smith 強調，雖然短期內可能會引發對稅收上升和額外借貸的擔憂，但恢復公共服務新基礎設施和更強的經濟增長是英國所需的長期利益。官方數據顯示，英國 8 月經濟產出增長 0.2，結束了連續兩個月的停滯。然而，商業和消費者信心調查指出，市場情緒低迷，對潛在稅收上升的擔憂加劇。

財政研究所Institute for Fiscal Studies本周初預測，Reeves 需要增加 250 億英鎊的稅收，才能結束前首相 Rishi Sunak 保守黨政府最後預算中對公共服務的壓力。Reeves 表示，保守黨留下了 220 億英鎊的財政缺口，並警告某些稅收將不得不上調。

該智庫指出，Reeves 可以通過取消遺產稅的豁免提高資本利得稅以及對雇主對工人退休金的貢獻徵收社會保障稅，來增加 200 億英鎊的稅收收入，這大約佔國內生產總值的 0.7。

工黨已表示不會提高勞動人民的稅收，並排除了對主要的所得稅增值稅國民保險和公司稅的上調，這些稅收約占當前稅收收入的四分之三。

1 美元  0.7654 英鎊",英國智庫決議基金會 Resolution Foundation 週六12 日 報告指出，英國新任工黨政府恐需在 10 月 30 日的首次預算中增加 200 億英鎊約合 260 億美元的稅收，才能避免公共服務的實質性削減。,"[""英國"", ""稅收"", ""增稅""]",2024-10-12 09:45:31,國際政經,833
5740841,https://news.cnyes.com/news/id/5740841,熱門股金寶伺服器業務布局效益顯現 周漲逾1成,"金寶 2312TW 積極搶進伺服器領域，AI 伺服器業務也進入爬坡階段，加上 9 月營收達 185.45 億元，登上全年高峰，激勵金寶本周漲勢強勁，周漲逾 1 成。 

金寶本周漲幅 14.29，更在周五 11 日 亮燈漲停鎖住 24 元，一舉站上所有均線。至於三大法人本周籌碼動向，三大法人僅在周一 7 日 買超 5755 張，接著連續 3 個交易日皆賣超，本周合計賣超 1131 張。 

金寶布局伺服器領域，總經理陳威昌提到，目前以 L2 PC 版製造為主，且已在墨西哥廠試產，目標朝向系統組裝前進。至於各產品線展望，2025 年仍看好消費型產品，且營收比重將占最高，像是影像產品中的印表機正穩步上升，伺服器雖然占比不高，但明年出貨將優於今年。。 

此外，目前金寶訂單能見度維持 12 至 14 個月，也持續優化產品組合，並提高與部分客戶的代工層級，往 ODM 方向邁進，汰弱留強將利潤最大化。 

金寶 9 月營收 185.45 億元，月增 34.7，年增 21.7；第三季營收 459.47 億元，季增 14.64，年增 15.9，為近 7 季新高點；累計今年前三季營收 1191.11 億元，年增 0.7。",金寶 2312TW 積極搶進伺服器領域，AI 伺服器業務也進入爬坡階段，加上 9 月營收達 185.45 億元，登上全年高峰，激勵金寶本周漲勢強勁，周漲逾 1 成。,"[""金寶"", ""伺服器"", ""消費產品""]",2024-10-12 09:30:03,台股新聞,827
5740808,https://news.cnyes.com/news/id/5740808,熱門股上銀9月營收創14個月新高 周漲近1成站上年線,"工具機關鍵零組件大廠上銀 2049TW 9 月營收回溫，衝上 21.64 億元，創近 14 個月新高，法人樂觀看待第四季及全年展望，上銀 11 日獲得外資大買 3022 張，股價強漲逾 8，收在 236.5 元，一舉站上年線，創近 5 個月新高，累計單周漲幅達 9.23。

上銀今年 9 月合併營收 21.64 億元，月增 6.02年增 0.13；第三季合併營收 63.26 億元，年減 3.53；累計前三季合併營收 180.16 億元，年減 4.55。

上銀自去年 11 月起訂單慢慢回升，並從今年 3 月起開始加班趕工，營收呈現逐季上揚，線性滑軌及滾珠螺桿等傳動系統元件訂單能見度平均 2 至 3 個月。

董事長卓文恒日前表示，上銀機器人除醫療晶圓直節式多關節外，也規劃搶進特殊產業需求的 Al 機器人，其中，與物流焊接等產業廠商合作開發的 AI 機器人，很快看到結果。

卓文恒說，儘管目前狀況還不是很明朗，仍正向看待下半年展望，全年營收獲利可望有雙位數的成長。",工具機關鍵零組件大廠上銀 2049TW 9 月營收回溫，衝上 21.64 億元，創近 14 個月新高，法人樂觀看待第四季及全年展望,"[""上銀"", ""熱門股"", ""營收""]",2024-10-12 09:10:52,台股新聞,827
5740128,https://news.cnyes.com/news/id/5740128,中國房市得13.7兆才能救！習近平打了16年最強救市猛藥能撐多久？一文拆解中國救命術,"撰文  今周刊編輯團隊

曾經有一段時間，外資不怎麼碰我們的資產，但過去這個星期，我們接到的全球投資者要求進行電話會議視訊會議的數量，卻急劇上升。現任野村證券中國首席經濟學家陸挺這樣說。

陸挺表示過去一個星期，明顯感覺到外資氛圍的變化，有一種久旱逢甘露的感覺，反應非常熱烈。在中國十一長假的前一周，疫情後一路委靡不振的中國股市，在一片市場驚詫聲中，迎來了罕見的活力。

10 月 8 日，滬深兩市開盤短短 30 分鐘，成交額就突破了 1.2 兆人民幣約 5.5 兆新台幣，再次創下歷史紀錄。當日收盤，滬深兩市成交額達 3 兆人民幣約 13.7 兆新台幣；一樣，再度寫下歷史。

根據中國海通證券統計，和這波行情啟動前相比，海通新增開戶數成長超過 3 倍，設法找回證券戶密碼的諮詢需求，更比平常多 6 倍。

中國祭出 16 年來最華麗救市拳，出乎市場預料的強勁貨幣政策，與中央政治局的罕見表態，普遍獲得外資叫好。

中國走的方向是正確的！一名曾在上海從事製造業多年現以財務諮詢業務為主的台商對本刊表示，這波政策轉向，似乎顯示中國對經濟問題的態度轉變，從國家主席習近平過去主張以強本固源為主訴求讓經濟結構慢慢調整的中醫療法，轉換成由總理李強主導傾向直搗黃龍的西醫療法；當然，長期效益仍待觀察，但短期，對市場一定是利多！他說。

但這是否也意味著中國經濟困境已到了超乎預期的慘烈境地？對此，曾在中國國土部門任職擁有廣大粉絲的知名經濟觀察家老蠻發表評論，指出可從兩個面向分析此番救市背景，第一，是中央政府的財政收入；第二，是主要城市的消費。

財政收入月減 3 成大城消費急凍，背後是房地產行業的委靡，以及中國政府對特定行業的調控所致。對於中國這次的救市組合拳，相較於投資機構在第一時間的叫好反應，愈是熟悉中國問題的專家，或是中國當地的產學人士，愈是語帶保留。

就以重中之重的房市來看，曾被稱為華爾街中國通的前摩根士丹利首席經濟學家羅奇Stephen Roach對本刊表示，中國最新的金融刺激措施固然令人印象深刻，但對於如何有效應對房地產市場進一步衰退的問題，目前相關的財政計畫，仍然缺乏明確的細節。

以中國房企巨擘碧桂園 2023 年的數據為例，蓋完但沒有賣掉的房子約為 3.6 萬戶，正在蓋但還沒有賣掉的房子約 35 萬戶，而賣掉但還沒有蓋完的房子，足足達到 73 萬戶，這個部分，才是問題核心，也是最險峻的保交樓戰場。據陸挺估算，要解決這波保交樓危機，大約需要 3 兆人民幣約 13.7 兆新台幣的財政挹注，才有可能完成。

一劑 2008 年來最強的救市猛藥，讓近年健康狀況頻頻惡化近乎奄奄一息的中港資本市場，迎來罕見春燕。然而，這趟中國經濟的復甦之旅，能否走得既長且穩，仍有賴以習近平為首的中共中央領導人，深刻面對中國經濟的結構性問題，並積極尋求發展路線的再平衡。

否則，在羅奇的眼中，最壞的情況下，目前支撐中國經濟的春燕恐是曇花一現，而這趟資本市場的回春之旅，最終，恐將被證實只是一場虛假的黎明。他說。

來源：今周刊 第 1451 期
更多精彩內容請至今周刊

本文授權自今周刊，原文見此。



你可能也會感興趣

拿 500 萬存 0056，月領快 6 萬真能辦到？施昇輝：高息 ETF 這樣存退休後放心花錢

身價 4 億年領 660 萬股息，88 歲神級散戶阿公卻說：只買高股息，遲早吃苦頭！6 大重點找出會賺錢股票",曾經有一段時間，外資不怎麼碰我們的資產，但過去這個星期，我們接到的全球投資者要求進行電話會議視訊會議的數量，卻急劇上升。現任野村證券中國首席經濟學家陸挺這樣說。,"[""趨勢分析"", ""今周刊"", ""習近平"", ""房市"", ""樓市"", ""救市""]",2024-10-12 09:00:04,雜誌,872
5740849,https://news.cnyes.com/news/id/5740849,罷工衝擊 波音宣布將裁員1.7萬人 估Q3每股虧損9.97美元,"隨著公司損失的增加以及導致飛機工廠閒置的機械師罷工進入第五週，波音週五 11 日 盤後宣布將裁員 10，約 17,000 人。同時，波音意外發布公告稱，預計第三季每股虧損 9.97 美元。

受此消息拖累，波音 BAUS 盤後股價跌 2，此前正常交易時段，波音收紅 3，報每股 151.02 美元。

波音執行長 Kelly Ortberg 週五於員工備忘錄中表示，波音直到 2026 年才會交付尚未獲得認證的 777X 客機，比原計劃晚了六年，並將於 2027 年停產波音 767 。

Ortberg 表示：波音業務處境艱難，我們共同面臨無比的挑戰，除了適應當前的環境之外，恢復我們的公司還需要做出艱難的決定，必須做出結構性改變，以確保能保持競爭力並長期為客戶提供服務。

這次裁員和削減成本是 Ortberg 上任以來迄今最引人注目的舉措。Ortberg 於今年 8 月 8 日甫接替前執行長 Dave Calhoun 上任。

他的任務是在安全和製造危機後恢復波音的業務，但罷工是 Ortberg 目前面臨的最大挑戰。

信用評等機構警告稱，該公司面臨失去投資等級的風險，而波音一直在燒錢，而公司領導人希望這將是一個扭虧為盈的一年。

跟進惠譽 Fitch 和穆迪 Moodys 等同業，標普全球評級 SP Global Ratings 本週稍早表示，波音公司因 9 月 13 日開始的罷工而每月損失超過 10 億美元，並把波音信評列入負向觀察名單，之後波音可能打入垃圾級。

機械師們 9 月 13 日以壓倒性多數拒絕了臨時勞工協議，並停止在普吉特海灣地區的大部分波音飛機生產，隨後罷工。波音公司後來提高了合約報價，增加了加薪批准獎金和其他改進措施，但工會拒絕了這項提議，認為這些沒有經過談判。

波音本週稍早撤回了對 33000 名機械師的合約報價，並表示進一步的談判目前沒有意義。","波音週五 11 日 盤後宣布將裁員 10，約 17,000 人。同時，波音意外發布公告稱，預計第三季每股虧損 9.97 美元。","[""波音"", ""罷工"", ""裁員""]",2024-10-12 08:00:07,美股雷達,831
5740853,https://news.cnyes.com/news/id/5740853,營收速報  2024年10月12日台股大型公司9月營收一覽新增70家,本次公布9月營收一覽截至台北時間2024年10月12日07:55，彙整前一日公布9月營收的大型公司資本額gt;50億，共計236家。下方分別以公布當日的年增率及月增率做前三名排行:本次公布營收年增率前3名成長排行                公司名稱        月營收        YoY                                    凱基金金融保險業            100.37億            1236.4                                南港橡膠工業            70.28億            878.5                                萬海航運業            149.66億            81.6                本次公布營收月增率前3名成長排行                公司名稱        月營收        MoM                                    南港橡膠工業            70.28億            711.3                                富邦金金融保險業            227.75億            512.2                                中再保金融保險業            18.68億            40.8                9月已公布營收一覽截至目前，已公布9月營收報告資本額gt;50億的家數累計達236家。其中營收年增大於 25有52家，年增小於20有19家。9月營收年增分布表現                資本額規模        YoY 表現        家數                        大於50億        gt; 25        52家                大於50億        gt; 0        85家                大於50億        lt; 0        80家                大於50億        lt; 20        19家        9月營收年增率前5名成長排行                公司名稱        月營收        YoY                                    華建建材營造業            4.02億            54984.5                                凱基金金融保險業            100.37億            1236.4                                鴻華先進創汽車工業            7.50億            912.1                                南港橡膠工業            70.28億            878.5                                北極星藥業KY生技醫療業            321萬            306.3                9月營收月增率前5名成長排行                公司名稱        月營收        MoM                                    鄉林建材營造業            9.18億            988.9                                南港橡膠工業            70.28億            711.3                                富邦金金融保險業            227.75億            512.2                                宏達電通信網路業            3.38億            65.9                                京城銀金融保險業            8.16億            64.6                註：數據僅供參考，不作為投資建議。,9月台股營收公布，2024年10月針對大型公司前一日公布70家營收。截至目前9月營收公布共計236家，其中營收年增大於25有52家，年增小於20有19家。 Anue鉅亨 台股營收,"[""台股"", ""營收速報"", ""台股營收"", ""9月營收"", ""建材營造業"", ""華建"", ""金融保險業"", ""凱基金""]",2024-10-12 07:55:27,台股營收,916
5740794,https://news.cnyes.com/news/id/5740794,美股重點新聞摘要2024年10月12日,"美國 9 月 PPI 持平 低於預期 顯示通膨繼續放緩

勞工部周五 11 日 發布報告，9 月批發物價指標沒有變化，顯示通膨持續放緩。衡量生產者從商品和服務中獲得收入的生產者物價指數 PPI 本月持平，較去年同期上漲 1.8。接受道瓊調查的經濟學家預計，繼 8 月成長 0.2 後，9 月增幅將達到 0.1。全文詳讀

等待 PPI 數據 10 年期美債殖利率走低

市場參與者等待生產者物價指數 PPI 報告的發布，美國 10 年期公債殖利率周五 11 日 小幅走低。美東時間清晨 6:27，10 年期公債殖利率下跌 2 個基點至 4.092。2 年期公債殖利率下跌 1.6 個基點至 3.983。全文詳讀

巴菲特旗下波克夏控股降低美國銀行持股至 10 以下

巴菲特執掌的波克夏控股 BRK.AUSBRK.BUS 已將其美國銀行 BACUS 的持股降至 10 以下，暫時結束了該集團 3 個月內淨賺 100 億美元的拋售。全文詳讀

降息風向轉變 美國股票型基金出現淨流出

由於市場對聯準會降息路徑的預期轉變以及債券殖利率飆升，投資人獲利了結。截至 10 月 9 日當周，美國股票基金出現資金流出。根據 LSEG 的數據，投資者繼前周淨買入 308.6 億美元的美國股票基金後，本周淨賣出價值 3.42 億美元的美國股票基金。全文詳讀

特斯拉盤前大跌 5.8 Cybercab robotaxi 未建立投資者信心

電動車製造商特斯拉 TSLAUS 的股價周五 11 日 盤前暴跌，因為市場期待已久的自動駕駛概念汽車 Cybercab，未能給投資者留下深刻印象。全文詳讀

再祭關稅大刀！川普：可能徵收 1000 關稅 阻止陸從墨西哥出口汽車到美國

美國總統大選倒數 3 個多禮拜，共和黨總統候選人川普週四 10 日 再度揮出關稅大刀，在底特律經濟俱樂部演講時提議汽車貸款利息可抵稅，並阻止中國汽車製造商在美國銷售汽車。全文詳讀

南韓央行謹慎加入全球降息潮 下調基準利率 25 基點

南韓央行周五 11 日 在貨幣政策委員會召開會議後，將主要利率下調 25 個基點至 3.25，這是自 2020 年 5 月以來南韓首度降息。全文詳讀",美股重點新聞摘要 2024 年 10 月 12 日,"[""美股"", ""關鍵"", ""新聞""]",2024-10-12 07:40:03,美股雷達,831
5740793,https://news.cnyes.com/news/id/5740793,貴金屬盤後美PPI數據鞏固降息希望 延續黃金漲勢,"黃金價格周五 11 日 漲逾 1，係因美國通膨數據鞏固了下個月降息的前景，並將美元抑制在近日高點之下，同時中東地緣政治緊張局勢帶來的避險需求也提振了金價。


現貨黃金上漲 1.1，至每盎司 2658.42 美元，為連續第二個交易日上漲。
12 月交割的黃金期貨價格上漲 1.4，收每盎司 2676.30 美元。


RJO Futures 高級市場策略師 Daniel Pavilonis 表示：經濟仍然相對強勁，但聯準會仍處於矛盾之中，因為某些行業的成長速度已顯著放緩，例如房地產行業，所以他們考慮降息。

美國周五公布，9 月生產者物價指數 PPI 持平，顯示通膨前景依然樂觀，並支持聯準會下個月降息的預期。Kitco Metals 高級市場分析師 Jim Wyckoff 表示：PPI 數據有利黃金多頭市場，因為這表明 Fed 今年可能降息兩次。

周四公佈的數據顯示，美國 9 月消費者物價漲幅略高於預期，但通膨年度漲幅為逾 3 年半來最小。另一份報告顯示，上周 105 止 初次請領失業救濟人數升至 25.8 萬人，高於預估的 23 萬人。

由於地緣政治緊張局勢通膨擔憂和選舉不確定性，黃金價格預計 2025 年前將達到 3000 美元。Pavilonis 補充。

周五，美元兌一籃子貨幣匯率維持在兩個月高點下方。

在實體方面，由於即將到來的節日季節吸引一些珠寶買氣，印度黃金經銷商本周為兩個月來首次收取溢價。

德國商銀報告指出，第三季黃金 ETF 持有量增加近 95 噸，意味 ETF 十個季度以來首次再次對黃金需求做出積極貢獻。

其他貴金屬交易


現貨白銀上漲 1.1，至每盎司 31.54 美元。
現貨鉑金上漲 1.9，至每盎司 986.15 美元。


但這兩種金屬本周均收跌。


現貨鈀金下跌 0.5 至 1063.55 美元，但本周漲近 5。",黃金價格周五 11 日 漲逾 1，係因美國通膨數據鞏固了下個月降息的前景，並將美元抑制在近日高點之下，同時中東地緣政治緊張局勢帶來的避險需求也提振了金價。,"[""貴金屬盤後"", ""黃金"", ""白銀"", ""白金""]",2024-10-12 06:46:24,能源,841
5740792,https://news.cnyes.com/news/id/5740792,能源盤後中東劍拔弩張 周五擔憂稍緩 原油仍連周上漲,"原油期貨周五 11 日 小跌，但由於投資者權衡中東衝突擴大至威脅其原由流動之可能性，周線返回上升，為連續第二周上漲。與此同時，颶風米爾頓導致美國佛州數百萬用戶斷電後，天然氣價格本周 3 跌近 8。

能源商品價格


11 月交割的西德州中質原油 WTI 期貨價格下跌 29 美分或 0.4，收每桶 75.56 美元，但本周仍上漲 1.6。
12 月交割的 Brent 原油期貨價格下跌 36 美分或近 0.5，收每桶 79.04 美元，本周仍上漲 1.3。
11 月交割汽油期貨價格下跌不到 0.1，收每加侖 2.15 美元，本周上漲 2.7。
11 月交割熱燃油期貨價格小跌 0.3，收每加侖 2.34 美元，本周上漲近 1.4。
11 月交割天然氣價格下跌 1.6，收每百萬 Btu 2.63 美元，本周大跌 7.8。


市場驅動力

CIBC Private Wealth US 高級能源交易員 Rebecca Babin 表示，原油經歷了動盪的一周，地緣政治頭條新聞給交易員帶來了沉重打擊。

在中東局勢緊張的背景下，油價本周連續兩周上漲。然而，周五油價下跌，係因投資者對中東局勢的擔憂有所緩解，尤其是在美國拜登總統對以色列可能攻擊伊朗能源基礎設施的言論進行修正之後，以及中國未能推出廣受期待的新刺激措施，這些因素導致油價回調，儘管周五收盤仍高於當日低點。

市場分析師 Fawad Razaqzada 表示，周五的交易行為突顯市場情緒的快速變化，以及在基本面疲弱的情況下，追逐地緣政治漲勢的信心普遍不足。他指出，交易者不希望在長周末前持有空頭頭寸，因為以色列可能會對伊朗發動攻擊，恐導致下周亞洲市場開盤時油價跳漲。今年 10 月 14 日為美國假日哥倫布日

此外，Razaqzada 認為中國財政部可能宣布實質性的財政支持來刺激疲軟的經濟，可望緩解市場對能源需求的擔憂。隨著伊朗上周發射的彈道導彈引發的不確定性，油價也因此受到支持。以色列可能針對伊朗的石油產業進行打擊，而伊朗則可能攻擊該地區其他油氣基礎設施以作為回應。

RBC 資本市場全球商品策略負責人 Helima Croft 表示，白宮可能會鼓勵以色列針對煉油廠攻擊而非石油出口設施，因為這樣的經濟衝擊可更直接地影響伊朗。然而，她也指出，美國的影響力可能不如 4 月時那樣強大，當時以色列對早期導彈攻擊的反應相對較為克制。

根據報導，伊朗已警告海灣國家，別允許以色列在任何攻擊中使用其空域，否則將面臨報復。Croft 提到：4 月時，以色列的導彈和戰機曾飛越敘利亞和伊拉克，軍事策略家指出，這條北方路徑是最有可能的攻擊路徑。這可能使伊拉克的石油供應面臨風險，因為華盛頓官員強調了伊朗支持的民兵針對該國油氣基礎設施的威脅。

在其他能源交易方面，天然氣價格本周五下跌，且本周遭受重大損失。Capital Economics 氣候和商品經濟學助理 Hamad Hussain 指出，周三在佛羅里達州登陸的米爾頓颶風使超過 300 萬人失去電力。他強調，佛羅里達州是美國僅次於德克薩斯州的第二大天然氣消費州。

下周，油市交易者將關注石油輸出國組織OPEC周一發布的月度報告，以及國際能源署IEA周二的報告。Razaqzada 表示：看空油市的投機者將關注石油需求進一步疲弱的跡象，而看漲者則可能會抓住任何有利於油價的消息。但他強調，下周市場的焦點仍將主要集中在中東局勢上。",原油期貨周五 11 日 小跌，但由於投資者權衡中東衝突擴大至威脅其原由流動之可能性，周線返回上升，為連續第二周上漲。與此同時，颶風米爾頓導致美國佛州數百萬用戶斷電後，天然氣價格本周 3 跌近 8。,"[""天然氣"", ""汽油"", ""石油""]",2024-10-12 05:55:18,能源,841
5740847,https://news.cnyes.com/news/id/5740847,美股盤後小摩富國財報添喜 特斯拉瀉逾8 標普道瓊締新高,"銀行股財報來襲，美股主指週五 11 日 攀升，標準普爾 500 指數登新高，首次升破 5,800 點大關。道瓊指數漲超 409 點，同步創歷史新高紀錄。

摩根大通和富國銀行週五公布優於預期的財報後，金融股強勢走高。而隨著罷工持續，波音股價徘徊在 52 週低點附近。特斯拉全新無人計程車Cybercab公布後，其股價仍狂瀉逾 8，拖累非必需消費品板塊。

三大主指連續第五週上漲，漲幅均超過 1，這是道瓊八個月來的最佳連漲紀錄，也是那指自 5 月以來的最佳週連漲表現。

財報季下週將持續如火如荼地進行，花旗聯合航空人工智慧晶片設備製造商 ASMLNetflix 和美國運通預計將發布財報。

美股週五 11 日 主要指數表現：


美股道瓊指數上漲 409.74 點，或 0.97，收 42,863.86 點。
那斯達克指數上漲 60.89 點，或 0.33，收 18,342.94 點。
SP 500 指數上漲 34.98 點，或 0.61，收 5,815.03 點。
費城半導體指數上漲 42.00 點，或 0.79，收 5,335.94 點。
NYSE FANG  指數上漲 0.73 點，或 0.0062，收 11,805.95 點。



標普 11 大板塊以金融工業和房地產板塊領漲，僅資訊科技和非必需消費品 2 大板塊收黑 圖片：finviz  


焦點個股

NYSE FANG  指數中的科技五大天王多收紅。Meta METAUS 上漲 1.05；蘋果 AAPLUS 跌 0.65；Alphabet GOOGLUS 漲 0.72；微軟 MSFTUS 漲 0.12；亞馬遜 AMZNUS 漲 1.16 。

費半成分股普遍揚升。高通 QCOMUS 漲 0.87；應用材料 AMATUS 漲 0.54；德儀 TXNUS 上漲 1.30；AMD AMDUS 上漲 2.26；輝達 NVDAUS 下跌 0.0074；美光 MUUS 上漲 1.16。

台股 ADR 互有消長。台積電 ADR TSMUS 上漲  2.71；日月光 ADR ASXUS 上漲 2.36；聯電 ADR UMCUS 漲 0.62；中華電信 ADR CHTUS 跌 0.21。

企業新聞

摩根大通 JPMUS 大漲 4.44 至每股 222.29 美元。此前這家美國資產最大的銀行因投資銀行業績成長，而且淨利息收入 NII 意外增加。

富國銀行 WFCUS 勁揚 5.61 至每股 60.99 美元。富國銀行第三季財報超出預期，主要因為財富管理業務保持韌性和信貸損失準備減少。

美銀 BACUS 強升 4.95 至每股 41.95 美元。監管文件顯示，巴菲特旗下波克夏海瑟威 Berkshire Hathaway Inc. 自七月中旬拋售美銀持股迄今，美銀部位已減至 9.99，低於 10 揭露門檻。

電車大廠特斯拉 TSLAUS 狂瀉 8.78 至每股 217.80 美元。UBER UBERUS 飛升 10.81 至每股 86.34 美元。

特斯拉 Robotaxi 自駕計程車週四亮相，命名為 Cybercab，沒有方向盤和踏板，預計在 2026 年開始生產。分析師指出，投資人可能無法相信 2026 年量產的評論，更重要的是，該公司未能提供有關機器人出租車服務的定價或商業模式其他要素的詳細資訊。

華爾街分析

在又一個財報季即將來臨之際，投資人最關心的似乎是業績表現。

美銀美國和加拿大股票策略師 Ohsung Kwon 稱：我認為這個財報季將非常棘手。既然寬鬆週期已經開始，考慮到較低的利率環境，企業會對任何早期改善跡象有何看法？無論預測結果如何，只要企業能夠克服宏觀逆風，並看到利率下降帶來的早期改善跡象，股票就應該獲得回報。

數字皆為截稿前更新，請依照實際報價為主","市場轉向關注財報季，美股主指週五 11 日 攀升，標準普爾 500 指數登新高，首次升破 5,800 點大關。道瓊指數漲超 409 點，同步創歷史新高紀錄。","[""美股盤後"", ""財報"", ""金融""]",2024-10-12 05:36:47,美股雷達,831
5740848,https://news.cnyes.com/news/id/5740848,紐約匯市市場消化經濟數據 美元變化不大,"市場消化經濟數據，美元指數週五 11 日 變化不大。英國經濟恢復成長，但未能提振英鎊脫離一個月低點。

美國勞工部週五公佈的最新經濟數據顯示，9 月批發物價指標沒有變化，顯示通膨持續放緩，聯準會可能在下個月再次降息。

週四公布的數據顯示，9 月消費者物價指數月升幅達 0.3，略高於預期，每週申請失業救濟金人數激增，顯示勞動市場疲軟。每週初領失業金人數數據受到颶風海倫的影響。下週的數據將受到颶風米爾頓的影響，這是兩週內第二次襲擊美國東南部的颶風。

追蹤美元兌一籃子 6 種主要貨幣的 ICE 美元指數 DXY 週五下跌 0.03 報 102.86。在近期穩步攀升，並於週四突破 103 後，美元指數稍作喘息。

渣打銀行全球 G10 外匯研究主管 Steven Englander 指出；市場感到滿意，因為沒有任何證據可以真正反駁聯準會降息的說法；唯一的爭論是他們將降息的速度有多快。

歐元兌美元持平於 1 歐元兌 1.1093 美元，英鎊兌美元上漲 0.08 至 1 英鎊兌 1.3072 美元，美元兌日元上漲 0.35 至 1 美元兌 149.12 日元。

英國國家統計局 ONS 週五發布的數據顯示，在連續兩個月無成長之後，英國 8 月經濟產出月增 0.2，符合預期，這讓財政大臣里夫斯 Rachel Reeves 在本月晚些時候新工黨政府推出第一份預算之前鬆了一口氣。

市場還在等待中國財政部週六就財政政策舉行的記者會，人民幣兌美元匯率上漲 0.22，至 1 美元兌 7.067 人民幣。

澳幣兌美元匯率上漲 0.22，報 1 澳幣兌 0.6753 美元，而紐幣兌美元匯率為 1 紐幣兌 0.611 美元。

加密貨幣方面，比特幣大漲 5.38 至 62,930.00 美元。以太幣上漲 3.8 至 2,456.70 美元。

台北時間週六 10 月 12 日 上午 5 時 00 分許價格：


美元指數報 102.9221 美元。0.0526
 歐元兌美元 EURUSD 匯率報 1 歐元兌 1.0936 美元。0.0183
 英鎊兌美元 GBPUSD 匯率報 1 英鎊兌 1.3066 美元。0.0996
 澳幣兌美元 AUDUSD 匯率報 1 澳幣兌 0.6751 美元。0.1781
 美元兌加幣 USDCAD 匯率報 1 美元兌 1.3764 加幣。0.1747
 美元兌日元 USDJPY 匯率報 1 美元兌 149.14 日元。0.4175",市場消化經濟數據，美元指數週五 11 日 變化不大。英國經濟恢復成長，但未能提振英鎊脫離一個月低點。,"[""紐約匯市"", ""美元"", ""日元"", ""歐元""]",2024-10-12 04:39:06,外匯,838
5740737,https://news.cnyes.com/news/id/5740737,美股早盤最新財報季開啟 9月PPI持平 主要指數漲跌互見,"美股周五 11 日 早盤，華爾街權衡了新的通膨數據。道瓊指數上漲 0.22，標普 500 指數下跌 0.01，那斯達克指數下跌 0.38，費半下跌 0.37。

數據顯示，9 月最終需求生產者物價指數 PPI 持平，核心 PPI 年增 0.2 符合預期。受到汽油價格下跌的抑制，顯示通膨進一步放緩。BMO 資本市場的 Ian Lyngen 表示：總體而言，這是生產者價格的一次相對良性的更新。

PPIl 數據有助於緩解周四公布的 9 月消費者物價指數 CPI 引發的一些擔憂，CPI 月增 0.2，年增 2.4，均高於預期。

根據 CME FedWatch 工具的數據，聯邦基金期貨交易表明，聯準會 11 月將利率下調 25 個基點的可能性約為 87。

最新財報季由兩支金融股打頭陣。摩根大通第三季獲利和營收超出預期後，股價上漲。該銀行公布的本季每股收益為 4.37 美元，遠高於 LSEG 調查分析師普遍預期的 4.01 美元。

富國銀行第三季營收為 203.7 億美元，略低於 LSEG 調查分析師預期的 204.2 億美元。儘管如此，富國銀行的股價還是上漲。

截至台北時間周五 21 時許： 


道瓊指數上漲 91.77 點或 0.22，暫報 42545.89 點
那斯達克下跌 69.65 點或 0.38，暫報 18212.4 點
標普 500 下跌 0.64 點或 0.01，暫報 5779.41 點
費半下跌 19.46 點或 0.37，暫報 5274.48 點
台積電 ADR 上漲 2.35 至每股 190.15 美元
十年期美債殖利率上漲 4 個基點，至 4.10
 紐約輕原油下跌 0.75，至每桶 75.28 美元
布蘭特原油下跌 0.68，至每桶 78.86 美元
黃金上漲 0.64，至每盎司 2646.74 美元
美元指數下跌 0.05，至 102.94


焦點個股：

富國銀行 WFCUS 上漲 5.87，報 61.14 美元

富國銀行第 3 季獲利下降，因為該行的利息收入受到貸款需求疲軟和利息支付的壓縮。這家美國第四大銀行表示，截至 9 月 30 日當季淨利為 51.1 億美元，低於去年同期的 57.8 億美元。

富國銀行第 3 季淨利息收入 NII 下降 11 至 116.9 億美元。根據 LSEG 估計，分析師平均預測為 118.7 億美元。

近年來隨著聯準會升息而受益的銀行利息收入，預計將在 2024 年底前持續下降。

摩根大通 JPMUS 上漲 3.18，報 219.59 美元

摩根大通表示，由於潛在貸款違約提撥增加抵消了投資銀行業務的收益，該銀行第 3 季獲利下降。隨著消費者耗盡疫情期間積累的儲蓄，銀行業正在將提高現金部位到典型水平，以在借款人拖欠貸款時發揮保障作用。

該行華爾街業務的收入也超出了分析師的預期，投銀業務費用收入成長 31，高於預期的 16。股票交易收入成長 27。

特斯拉 TSLAUS 下跌 8.92，報 217.48 美元

美東時間周四晚上，馬斯克透露了特斯拉的 Cybercab 概念車一款低矮的銀色兩座車，沒有方向盤或踏板，這項計畫是讓汽車在啟動時能夠自動駕駛。

馬斯克表示，公司希望在 2027 年之前生產 Cybercab，但他並未提供有關汽車生產地點的詳細資訊。他表示，消費者可以以低於 3 萬美元的價格購買特斯拉 Cybercab。

加拿大皇家銀行資本市場分析師 Tom Narayan 表示，我們在活動中採訪的投資者認為，該活動沒有真實的數字和時間表。 我們預計股價會走低。

華爾街分析：

Bank J.Safra Sarasin 股票策略師 Wolf von Rotberg 上調了標普 500 指數未來幾個季度的目標，並認為銀行業盈利有令人驚訝的上行空間，因為自 9 月初以來，經濟周期總體有所改善。

根據消費金融服務公司 Bankrate 對一些頂級分析師的調查，他們似乎普遍認為，未來 12 個月美國股市將僅上漲 4.1，低於 10 的長期年平均水準。",美股周五 11 日 早盤，華爾街權衡了新的通膨數據。道瓊指數上漲 0.22，標普 500 指數下跌 0.01，那斯達克指數下跌 0.38，費半下跌 0.37。,"[""富國銀行"", ""財報季"", ""金融股"", ""PPI"", ""CPI"", ""美股早盤""]",2024-10-11 21:43:29,美股雷達,831
5740763,https://news.cnyes.com/news/id/5740763,降息風向轉變 美國股票型基金出現淨流出,"由於市場對聯準會降息路徑的預期轉變以及債券殖利率飆升，投資人獲利了結。截至 10 月 9 日當周，美國股票基金出現資金流出。

根據 LSEG 的數據，投資者繼前周淨買入 308.6 億美元的美國股票基金後，本周淨賣出價值 3.42 億美元的美國股票基金。

由於上個月美國非農就業報告強於預期，投資人上周下修對聯準會未來降息的預期。

10 年期美國公債殖利率周四 10 日 觸及 2 年半來高點 4.12，削弱了大型成長股的獲利預期。

投資人淨撤資美國大型股基金 42.5 億美元，而一周前為淨買入 354.7 億美元。他們也放棄了 9.19 億美元的中型股基金，但分別買進 1.97 億美元和 1.18 億美元的多類型基金和小型基金。

然而，產業股票基金的資金流入量為 7.3 億美元，其中科技金屬和採礦業分別吸引了 6.39 億美元和 2.51 億美元的資金流入。

同時，美國債券基金連續第 19 周獲得資金流入，價值約 33.7 億美元。

中短期投資等級基金吸引了 15 億美元的資金，連續第 4 周流入。美國投資人也買進淨值分別為 10.6 億美元和 6.82 億美元的一般國內應稅基金和貸款參與基金。

同時，貨幣市場基金淨投資額達 25.4 億美元，連續第 3 周淨買進。",由於市場對聯準會降息路徑的預期轉變以及債券殖利率飆升，投資人獲利了結。截至 10 月 9 日當周，美國股票基金出現資金流出。,"[""股票基金"", ""淨流出"", ""淨流入"", ""降息"", ""債券殖利率""]",2024-10-11 21:40:02,美股雷達,831
5740764,https://news.cnyes.com/news/id/5740764,電動車需求雖不振 Polestar預期第4季獲利率回至正值,"Polestar PSNYUS 周五 11 日 表示，雖然第 3 季電動車交車量下降 14，但預計第 4 季將實現正毛利率。

這家瑞典公司的股價在周五盤前交易下跌了 4。

Polestar 由中國吉利控股，該公司一直在努力應對由於高利率等因素導致汽車需求疲軟的問題，促使消費者轉向更便宜的混合動力汽車。

Polestar 最近經歷重大改組，更換了執行長設計主管董事會主席，並任命新的財務長。

新任執行長羅雪樂 Michael Lohscheller 在 10 月 1 日上任以來的首次公開聲明中表示，他看到了可以繼續發展的良好基礎，並且正在對其策略和營運進行審查。

該公司將於 1 月 16 日提供業務和策略的最新資訊以及完整的第 3 季財務數據。

Polestar 表示，由於市場條件困難以及受到進口關稅的影響，預計全年收入將與去年持平。該公司 2023 年營收 23.8 億美元。

Polestar 也重申明年年底實現現金流收支平衡的目標，但銷售量低於先前的目標。

該公司第 3 季交車 11900 輛，而去年同期為 13900 輛。

美國和歐洲對中國進口產品徵收關稅迫使 Polestar 擴大其在美國的生產基地，並退出目前其大部分汽車的生產地中國。

該公司 8 月表示，已實現外部融資 13 億美元的目標。

該公司表示，鑑於當前的市場狀況和預期表現，該公司正在與其主要貸款機構進行建設性對話，它們仍然支持其貸款契約。",Polestar PSNYUS 周五 11 日 表示，雖然第 3 季電動車交車量下降 14，但預計第 4 季將實現正毛利率。,"[""Polestar"", ""電動車"", ""交車""]",2024-10-11 21:30:03,美股雷達,831
5740765,https://news.cnyes.com/news/id/5740765,美國9月PPI持平 低於預期 顯示通膨繼續放緩,"勞工部周五 11 日 發布報告，9 月批發物價指標沒有變化，顯示通膨持續放緩。

衡量生產者從商品和服務中獲得收入的生產者物價指數 PPI 本月持平，較去年同期上漲 1.8。接受道瓊調查的經濟學家預計，繼 8 月成長 0.2 後，9 月增幅將達到 0.1。

剔除食品和能源後，PPI 上漲 0.2，符合預期。

PPI 報告發布前一天，勞工部報告指出，消費者物價指數 CPI 顯示消費者實際支付商品和服務費用 9 月上漲  0.2，較上年同期上漲 2.4。

市場對這些數據反應不大，華爾街股市期貨小幅走高，長期證券的公債殖利率上漲。

總之，這些數據證明通膨已經脫離 2 年多前達到的頂峰，但仍基本保持在聯準會 2 的目標之上。

在 PPI 中，最終需求商品價格下降 0.2，抵銷了服務業價格 0.2 的漲幅。剔除核心 PPI 中的貿易服務，該指數上漲 0.1。

存款服務成本上漲 3，推動服務指數走高，而專業和商業設備批發價格則下跌 6.3。

在商品方面，能源最終需求下降 2.7 是造成下降的主要因素。同樣，汽油指數下跌 5.6，抑制了商品指數的漲幅。柴油價格暴跌 17.6。

聯準會官員近日表示相信，即使住房食品和車輛成本等某些方面的成本一直居高不下，但通膨將回到目標水準。9 月的會議紀錄顯示，政策制訂者對於將聯準會基準利率調降半個百分點的決定存在分歧。

大多數官員表示，只要數據有利，他們就會繼續降息。市場預計聯準會將在今年底前兩次會議上每次降息 0.25 個百分點。",勞工部周五 11 日 發布報告，9 月批發物價指標沒有變化，顯示通膨持續放緩。,"[""PPI"", ""通膨"", ""聯準會""]",2024-10-11 21:25:58,美股雷達,831
5740756,https://news.cnyes.com/news/id/5740756,科創板八條後 上交所又一細則落地,"上海證券交易所周五 11 日 發佈上海證券交易所發行上市審核規則適用指引第 6 號輕資產高研發投入認定標準試行，明確了科創板上市公司再融資適用輕資產高研發投入的範圍具體認定標準等具體事項。

根據指引，被認定具有輕資產高研發投入特點的科創板公司，再融資時募集資金投向不再受30 的補流比例限制，但超過 30 的部分只可用于主營業務相關的研發投入。

這意味著，符合認定標準的科創板公司，再融資時的募集資金，可大部分用於研發投入。

據上交所通知，為了貫徹落實中國證監會關於深化科創板改革 服務科技創新和新質生產力發展的八條措施要求，細化輕資產高研發投入企業的認定標準，鼓勵科創板上市公司加大研發投入，提升科技創新能力，上海證券交易所制定了上海證券交易所發行上市審核規則適用指引第 6 號輕資產高研發投入認定標準試行，現予發佈，並自發佈之日起施行。

指引共 12 條，明確了科創板輕資產高研發投入企業認定標準的適用範圍具體認定標準核查要求信息披露要求以及募集資金監管要求等事項。

主要內容如下：

一是明確適用範圍。明確指引規定的輕資產高研發投入企業認定標準的適用範圍，為適用18 號意見第五條的具有輕資產高研發投入特點的科創板企業。

二是細化認定標準。18 號意見提出了具有輕資產高研發投入特點企業的概念。在此基礎上，指引進一步細化明確了輕資產高研發投入企業的具體認定標準。

三是壓嚴壓實中介機構責任。明確保薦機構及申報會計師應重點關注並核查的輕資產高研發投入企業認定相關事項，並要求出具專項核查意見。

四是強化信息披露要求。要求公司應當在募集說明書中新增披露公司符合輕資產高研發投入相關要求的情況本次募集資金用於補充流動資金和償還債務比例超過 30 的合理性，並強化與本次募投項目研發支出研發內容研發風險等相關的信息披露。

五是加強募集資金監管。要求公司應當在年度報告及前募鑒證報告中披露募集資金使用及研發項目推進的情況。加強對補充流動資金和償還債務超過 30 比例部分的募集資金用途變更的監管。",上海證券交易所周五 11 日 發佈上海證券交易所發行上市審核規則適用指引第 6 號輕資產高研發投入認定標準試行，明確了科創板上市公司再融資適用輕資產高研發投入的範圍具體認定標準等具體事項。,"[""上交所"", ""科創板"", ""細則"", ""輕資產"", ""高研發"", ""中國股市""]",2024-10-11 21:00:04,A股,835
5740750,https://news.cnyes.com/news/id/5740750,樂意新遊戲併購效益顯現 9月營收年增1倍,"遊戲業者樂意 7584TW 今 11 日公告 9 月營收隨著併購韓國遊戲開發商 Naddic Games 效益顯現，營收 9667 萬元，年增 113累計前 9 月營收 7.24 億元，年增 6 成，創歷史新高。

樂意看好遊戲 IP 產業的未來成長趨勢，今年 9 月透過海外併購策略，將韓國遊戲開發商 Naddic Games 併入集團事業，營收同步自 9 月份開始貢獻。此外，樂意旗下遊戲失落的方舟：LOST ARK新王者之劍等遊戲穩定挹注，帶動樂意迎來強勁成長動能。

樂意進一步表示，Naddic Games 主力遊戲封印者：CLOSERS營運遍及韓國台灣中國日本等地市場，擁有大量忠實玩家，每年營收來源維持穩定，2023 年全年營收達韓幣 150 億元 約新台幣 3.64 億元。

Naddic Games 近年雖因大幅投入開發成本而影響獲利表現，但樂意認為，從遊戲開發長遠角度來看，深耕內容與遊戲開發對公司發展有利，且隨著持續深化合作，未來更可進一步發揮規模經濟優勢，維持集團穩健營運發展動能。

樂意表示，旗下重磅遊戲失落的方舟：LOST ARK熱度持續，活躍用戶數保持穩定，近日舉辦線下見面會也宣布 10 月至 12 月改版更新計畫，未來也將持續優化遊戲內容，透過強化市場推廣及玩家互動，進一步擴大失落的方舟遊戲市場，帶動公司整體業績成長。",遊戲業者樂意 7584TW 今 11 日公告 9 月營收隨著併購韓國遊戲開發商 Naddic Games 效益顯現，營收 9667 萬元，年增 113累計前 9 月營收 7.24 億元，年增 6 成，創歷史新高。,"[""樂意"", ""遊戲"", ""營收""]",2024-10-11 20:26:35,台股新聞,827
5740735,https://news.cnyes.com/news/id/5740735,投資人想知道的 馬斯克都沒有具體答案 分析師給出差評,"馬斯克 Elon Musk 推出的自動駕駛計程車原型，讓特斯拉 TSLAUS 的一些投資者感到失望，許多人期待更多細節，了解這家汽車製造商如何實現他最新的機器人汽車預測。

美東時間周四 10 日 晚間，特斯拉執行長推出了一款名為 Cybercab 的時尚兩座轎車，並表示可能會在 2026 年開始生產，而該車的成本可能會低於 3 萬美元。

但這次發布會並未討論特斯拉將如何從銷售先進的駕駛輔助功能，到全自動駕駛汽車的飛躍。馬斯克的演講缺乏技術細節，並掩蓋了包括監管或公司是否將擁有和經營自己的網路計程車車隊等主題。

自 4 月中以來，人們對此就抱持高度期待，讓特斯拉飆升近 70，但馬斯克交出的成績單缺乏具體細節，造成特斯拉股價盤前下跌近 6。

參加此次活動的 Laffer Tengler Investments 執行長特斯拉投資者 Laffer Tengler 表示，馬斯克提出的概念都很宏偉，但唯一具體的是一輛 Cybercab 的售價為 3 萬美元。

缺少進一步細節

特斯拉多年來一直在銷售一套被稱為全自動駕駛FSD的功能，這些功能需要持續的監督，並且無法使其車輛實現自動駕駛。

馬斯克周四表示，該公司預計明年某個時候，德州和加州的 Model 3 和 Model Y 車主將不再需要監管這些功能。雖然這位執行長粗略地透露了 Cybercab 何時準備就緒，但他沒有透露特斯拉何時生產 Robovan。

加拿大皇家銀行資本市場分析師 Tom Narayan 表示，我們在活動中採訪的投資者認為，該活動沒有真實的數字和時間表。 我們預計股價會走低。

據華爾街日報指出，關於特斯拉的無人駕駛計程車業務模式，馬斯克基本未提供什麼新細節，例如對收入或市場規模的預測。

過去，馬斯克曾將無人駕駛計程車業務比作 Uber 與愛彼迎 Airbnb 的結合體，特斯拉會運營自己的車輛，並從特斯拉車主們的車輛載客收入中抽成。

馬斯克沒有詳細說明特斯拉將如何應對無人駕駛汽車上路面臨的監管障礙，只是說該公司會在獲批的地方提供該服務。一些涉及自動駕駛汽車的備受關注的事故已促使監管機構審視運營這些車輛的公司。

財經媒體巴倫周刊認為，馬斯克今晚說的幾乎所有話都以前說過。投資者可能會覺得這次發佈會上缺少安全數據。

汽車研究和購買網站 Edmunds 負責人 Jessica Caldwell 表示，馬斯克在描繪交通運輸的理想未來方面做得非常出色，不僅可以節省我們的時間，還可以提高安全性。 但從實際角度來看，如何實現這一目標仍然存在許多問題。

Cybercab 仍相當吸睛

周四發佈會現場，共有 50 台無人駕駛汽車，其中有 20 輛 Cybercab 以供體驗。馬斯克是坐著特斯拉 Robotaxi 的原型車登場的，這款車被命名為Cybercab，這款小車採用鷗翼門和兩門兩座版設計，適合坐 2 個成年人。

目前 FSD 最新的版本是 V12.5.4，能夠提供智能召喚功能。用戶只需下載一個 Robotaxi APP，就可以通過這個 APP 召喚附近的無人駕駛特斯拉汽車進行接送。

這個軟體的界面會顯示路線目的地等內容，同時用戶還可以調節車內溫度選擇乘坐人數控制車內音樂等操作。

在行駛過程中，用戶還可以介入中控螢幕，進行工作娛樂等多項活動。不僅駕駛不需要人，在 Cybercab 這款車上，充電也實現了無人操作。

車輛沒有實體充電接口，引入了無線感應充電技術。據此前報道，僅在這個功能上，特斯拉就研發了四項新專利，原理就是車輛可以通過內置的感應線圈與地面上的無線充電墊進行能量傳輸，從而實現無需人工介入的自動充電。

由於在技術方面，Cybercab 依靠 AI 和視覺系統，所以和 Waymo 等自動駕駛公司應用的雷達和傳感器相比，成本大大降低。",馬斯克 Elon Musk 推出的自動駕駛計程車原型讓特斯拉公司的一些投資者感到失望，許多人期待更多細節，了解這家汽車製造商如何實現他最新的機器人汽車預測。,"[""馬斯克"", ""無人駕駛"", ""計程車"", ""自動駕駛"", ""特斯拉"", ""Cyber​​cab""]",2024-10-11 20:25:05,美股雷達,831
5741001,https://news.cnyes.com/news/id/5741001,宣德墨西哥越南廠逐步貢獻 未來年產值估逾20億元,"連接器廠宣德 5457TW 表示，目前訂單能見度達明年，隨著墨西哥廠擴產及越南新廠投產，在新客戶新訂單量產出貨下，預計未來 2 廠區每年將可以貢獻 20 億元以上的年產值。

宣德表示，明年公司工作目標在提升生產效率與獲利，並將持續投資在產品開發及製程能力，目前集團含子公司在全球管理共六地11 個廠區來搭配客戶群的策略規劃。

宣德進一步指出，越南新廠預定本季落成完工，將小量試產電腦周邊產品，明年則新增策略企業等級影音聲學產品，未來新廠區將伴隨新訂單量產而提升稼動率，營運動能可期。

墨西哥廠方面，宣德表示，車用客戶已於 7 月開始正式量產出貨，未來能就近服務美國境內車廠供應鏈低軌衛星通訊產業等，年底將按計畫增加產能，反映明年訂單需求。

宣德 9 月營收 25 億元，月增 5.3年增 43.7；第三季營收 71.07 億元，季增 45.2年增 42.8，分創歷史單月單季新高，累計前 9 月營收 161.57 億元，也是同期最佳，年增 28.1。",連接器廠宣德 5457TW 表示，目前訂單能見度達明年，隨著墨西哥廠擴產及越南新廠投產，在新客戶新訂單量產出貨下，預計未來 2 廠區每年將可以貢獻 20 億以上的年產值。,"[""宣德"", ""連接器"", ""越南"", ""墨西哥""]",2024-10-13 15:30:27,台股新聞,827
5740995,https://news.cnyes.com/news/id/5740995,中國9月CPI年增0.4弱於預期  PPI連續24個月下降,"中國 9 月消費者物價 CPI 漲幅低於預期，而工業出廠價格 PPI 連續 24 個月下降，凸顯需要進一步的政策，支持來幫助經濟擺脫通貨緊縮。

中國國家統計局周日 13 日 公布，9 月份，CPI 年率上漲 0.4，漲幅比上月回落 0.2 個百分點，低於經濟學家調查中 0.6 的預測中位數，與前月相比持平。



PPI 下降 2.8，降幅比上月擴大 1.0 個百分點，經濟學家先前預測將下降 2.6。與前月相較下降 0.6，降幅比上月收窄 0.1 個百分點。

這些數據凸顯了政策制定者在九月底推出一系列刺激措施，以重振經濟前國內需求的疲軟。中國正面臨自 1990 年代以來最長的通貨緊縮期，截至 6 月份，整體經濟價格的廣泛衡量指標已連續五季下跌。

統計數據顯示，9 月份，食品價格年率上漲 3.3，漲幅比上月擴大 0.5 個百分點，影響 CPI 年率上漲約 0.61 個百分點。食品中，鮮菜豬肉和鮮果價格分別上漲 22.916.2 和 6.7，漲幅均有擴大；牛肉羊肉雞蛋雞和奶類價格降幅在 1.9 至 13.1 之間，降幅略有擴大。

9 月份，非食品價格由上月年率上漲 0.2 轉為下降 0.2，影響 CPI 年率下降約 0.19 個百分點。非食品中，能源價格下降 3.5，降幅比上月擴大 2.5 個百分點。扣除能源的工業消費品價格下降 0.2，降幅與上月相同，其中新能源小汽車和燃油小汽車價格分別下降 6.9 和 6.1，降幅均有收窄；中藥材家用紡織品和金飾品價格漲幅在 3.9 至 22.5 之間。服務價格上漲 0.2，漲幅回落 0.3 個百分點，其中旅遊價格由上月上漲 0.9 轉為下降 2.1；飛機票和賓館住宿價格分別下降 14.1 和 5.6，降幅均有擴大。

國家統計局城市司首席統計師董莉娟表示，CPI 年率漲勢略有回落，主要是受上年同期對比基數走高影響。

據測算，在 9 月份 0.4 的 CPI 年率變動中，翹尾影響約為  0.5 個百分點，上月為  0.3 個百分點；今年價格變動的新影響約為 0.9 個百分點，與上月相同。

董莉娟指出，房地產市場仍處調整期，疊加部分地區遭遇強風雨天氣，建材需求整體偏弱，非金屬礦物製品業價格下降 0.8。受政策提振預期影響，9 月下半月鋼材需求顯示恢復跡象，但全月黑色金屬冶煉和壓延加工業價格仍下降 3.3，降幅比上月收窄 1.1 個百分點。全國煤炭生產保持穩定，冬儲備煤較為充足，煤炭開採和洗選業價格下降 1.3。

仲量聯行大中華區首席經濟學家 Bruce Pang 表示，整體通膨仍顯著低於政策目標，需求依然疲軟。隨著現有政策的有效落實和新措施的推出，預計隨著市場需求逐步恢復，消費者和生產者信心和預期將得到有效提振。",中國 9 月消費者物價 CPI 漲幅低於預期，而工業出廠價格 PPI 連續 24 個月下降，凸顯需要進一步的政策，支持來幫助經濟擺脫通貨緊縮。,"[""中國經濟"", ""CPI"", ""PPI"", ""通膨"", ""通縮"", ""中國股市"", ""救市"", ""政策""]",2024-10-13 13:51:53,大陸政經,837
5740988,https://news.cnyes.com/news/id/5740988,台積電1017法說會上演驚喜行情？法人關注8大重點,"台積電 2330TWTSMUS 法說即將在本周四登場，會中將釋出最新展望，市場聚焦八大議題，包括第三季財報第四季與全年成長預估明年營收與毛利率初步看法工業電價調漲影響先進封裝產能擴充計畫2 奈米試產進度記憶體廠基礎裸晶 Basedie 與英特爾 PC 晶片的外包情況以及資本支預估。

台積電第三季營收為新台幣 7,596 億 9,243 萬元，創下單季新高，也超越財測高標 7,540 億元，季增 12.8，年增 39，外資看好，台積電第三季受惠產能利用率爬升，有效抵銷電費調漲與 3 奈米製程影響，毛利率將回到 54 以上，單季每股純益上看 11 元。

展望第四季，市場普遍看好，台積電第四季受惠眾多客戶新品開始量產，包括輝達 NVDAUSGB200超微 AMDUS 與英特爾 INTCUS 的 PC 晶片，以及手機晶片雙雄高通 QCOMUS 與聯發科 2454TW 等新品挹注，單季營收將再挑戰新高，季增 510。

外界也普遍看好，AI 相關動能將延續至明年，將挹注台積電先進製程與先進封裝產能，市場也關注台積電此次對於明年營收與毛利率初步的展望，以及對 CoWoS 產能的擴充計畫。

台積電 2 奈米即將在明年進入量產，外傳 2 奈米晶圓價格較 45 奈米翻倍成長，顯現台積電充分掌握先進製程的訂價話語權，市場也關注 2 奈米量產後，為台積電帶來的貢獻以及對毛利率稀釋的程度。

另外，隨著 HBM4 之後，基礎裸晶將採用更先進製程製造，也讓 SK 海力士與美光紛紛找上台積電合作，三星日前來台也宣布將與晶圓代工廠合作基礎裸晶，被外界認為是向台積電釋出善意，台積電如何看待基礎裸晶市場也料成為此次外資提問焦點。",台積電 2330TWTSMUS 法說即將在本周四登場，會中將釋出最新展望，市場聚焦八大議題，包括第三季財報第四季與全年成長預估明年營收與毛利率初步看法工業電價調漲影響先進封裝產能擴充計畫2 奈米試產,"[""台積電"", ""法說"", ""外資""]",2024-10-13 12:34:21,台股新聞,827
5740984,https://news.cnyes.com/news/id/5740984,中國控台貿易壁壘擬採進一步措施 行政院經貿辦回應來了！,"中國方面昨 12 日宣稱將依對台貿易壁壘調查結論，研究採取進一步經濟措施一事，行政院經貿談判辦公室昨夜回應：至表遺憾並嚴正抗議，更呼籲中方立即停止對台經濟脅迫及政治操弄。

中國商務部 2023 年 12 月發布商務部關於就台灣地區對大陸貿易限制措施進行貿易壁壘調查最終結論的公告，認定台灣地區對大陸貿易限制措施構成貿易壁壘。中國商務部 12 日於官網表示，自公告發布，民進黨當局未採取任何實際措施取消對大陸的貿易限制，相關部門正依據對台貿易壁壘調查結論，研究採取進一步措施。

行政院經貿談判辦公室表示，中方未依世界貿易組織 WTO 程序對我進行貿易壁壘調查，過程不符合公平公正公開透明的原則；中方更未與我方就相關貿易爭端進行溝通或諮商，即片面做出結論，並持續對我採取不理性的經濟脅迫措施，已嚴重悖離 WTO 的精神和相關規範。

兩岸都是 WTO 會員，雙方貿易爭端的解決，均可循相關規範協商解決，不應以政治理由拒絕履行會員的相關義務。我方已數度透過 WTO 管道要求中方與我進行諮商，就彼此關切的經貿議題，循 WTO 架構與規範，尋求解決方案。

行政院經貿談判辦公室表示，再次要求中方秉持負責任的態度，停止以政治干預國際貿易的不理性作為，遵循 WTO 協商解決爭端的規範，盡速回應我方協商的要求，不要被視為破壞國際貿易秩序的最壞示範。",中國方面昨 12 日宣稱將依對臺貿易壁壘調查結論，研究採取進一步經濟措施一事，行政院經貿談判辦公室昨夜回應：至表遺憾並嚴正抗議，更呼籲中方立即停止對臺經濟脅迫及政治操弄。,"[""中國"", ""行政院經貿談判辦公室"", ""貿易壁壘"", ""兩岸""]",2024-10-13 11:50:09,台灣政經,828
5740877,https://news.cnyes.com/news/id/5740877,台股風向球雙王法說重頭戲登場 2萬3大關前外資押注驚喜行情,"台股加權指數上周僅 4 個交易日，但強彈多達 598 點，並一度衝破 23000 點大關，本周重頭戲是台積電 2330TW 和大立光 3008TW 雙王法說於周四同步登場，台股交易員認為，隨著美國總統大選腳步將近新台幣走弱，使盤勢觀望氣氛趨濃，但台積電法說行情有望提前發酵，由護國神山發揮穩盤的角色，牽引大盤偏多格局。

外資上周轉買，惟買超量僅 119 億元，同時，外資台指期淨空單仍超過 4 萬口，再加上新台幣貶破 32 元關卡，顯示避險情緒仍濃厚。

好消息是，上周外資大買台積電達 440.8 億元廣達 2382TW41.1 億元，緯創 3231TW38 億元，聯發科 2454TW 近 30 億元，電子領頭羊買盤強勁有利盤勢。

台股交易員認為，台積電法說將是第四季行情主軸的重要序幕，依過往經驗，短線還會出現驚喜或是驚嚇行情，依市場對這次法說內容的情境推演，應是偏多正面，但也要提防行情提前反應，造成會後利多出盡的狀況。

永豐投顧則分析，市場對台積電的期許是第四季營收季增 510，並關注 AInonAI 需求變化資本支出海外擴產先進封裝後續擴產計畫生產成本上漲後的轉嫁能力等方向，若法說優於預期，股價可望維繫於高檔。

另一方面，美國總統大選選情膠著，據目前民調，賀錦麗在密西根內華達，賓州威斯康辛四個州領先，川普在亞歷桑那喬治亞北卡三個州領先，但兩大陣營的候選人在關鍵七大搖擺州都沒有超過 2 個百分點的領先優勢，因此，美股投資人趨於觀望，並影響外資的布局態度。

此外，須留意，10 月 17 日美國將公布零售銷售，若數據疲軟，經濟轉弱議題恐將引發美股動盪。",台股風向球重頭戲雙王法說 護國神山坐鎮走偏多格局,"[""外資"", ""台積電"", ""台股"", ""風向球"", ""大選"", ""大立光"", ""法說""]",2024-10-13 11:40:02,台股新聞,827
5740968,https://news.cnyes.com/news/id/5740968,觀察迎接美消費力復甦的購物季 台系供應鏈先報佳音並進行籌資,"美國進入降息循環將將逐漸對製造業及消費帶來提振的預期，激勵台系大型零售商供應鏈在第三季營收有亮麗的表現，同時，包括泰金  KY6629TW慶豐富 9935TW美喆  KY8466TW 及嘉威 3557TW 營收進入歷史高檔區，美國零售業第四季節慶特賣由 10 月開跑，階段性的主題銷售活動將接續到年底，預計會帶來另一波銷售佳績。

同時，由包括泰金  KY慶豐富及美喆  KY 在下半年以來也積極辦理市場籌資的活動，也在準備銀彈進行更大的市場攻略行動，其中並以家用品及衛浴用品鑄件廠的泰金  KY 業績表現最靚，市場籌資 6 億元並且最早在 10 月中全部完成。

泰金  KY 在 2024 年第三季營收 4.92 億元，創新高，季增 38.39，年增 52.23，19 月營收 12.69 億元，已超過 2023 年全年營收，年增 49.1，全年營收可望突破 2021 年的 13.59 億元改寫歷史新高。

嘉威生活 2024 年第三季營收達 12.52 億元，爲歷史同期新高，嘉威生活在第四季到明年首季都屬接單及出貨旺季，將在業績上再有強勢表現。

嘉威生活 2024 年第三季營收達 12.52 億元，創歷史同期新高，季增 5.5，年增 17.17，累計 2024 年 19 月營收 44.84 億元，年增 27.2，也創同期新高；嘉威生活目前在手訂單已經看到 2025 年第一季，預期旺季有望更旺。

居家生活用品的全方位供應商慶豐富 2024 年 9 月營收達 5.18 億元，月增 0.26年增 35.55，並續創歷年同期第三高水準。慶豐富 2024 年第三季營收 15.64 億元，季增 21.44年增 18.16，創歷年同期次高。累計 2024 年前三季營收 39.71 億元，年增 21.75。

慶豐富營收的走揚，主要受惠 LowesWalmartIKEA 等知名實體通路客戶加大窗簾家紡產品備貨力道，再加上線上電商通路客戶窗簾訂單銷售仍保持成長態勢，挹注整體產能稼動率站穩高檔水準，帶動單月合併營收連三月站穩 5 億水準，同時 9 月營收年增 35.55創近 27 個月以來新高。 

慶豐富 2024 第三季窗簾業務銷售年增 52.15，一方面受惠今年推出新一代環 rPET 百葉簾鋁百葉簾新品良好市場銷售，並持續深化實體通路客戶業務合作，挹肋加大接單動能，而慶豐富以發行 CB 加上辦理現增募集資金，合計募集約 4.2 億元，也將在 11 月初全部完成。

石塑地板廠美喆  KY 2024 年第三季營收達 11.51 億元，年增 65.9，創歷年單季次高記錄。累計 2024 年 19 月營收達 28.1 億元，年增 37.3，創歷年同期新高佳績。美喆  KY 預計發行 1.5 萬張現增股進行市場籌資。",美國進入降息循環將將逐漸對製造業及消費帶來提振的預期，激勵台系大型零售商供應鏈在第三季營收有亮麗的表現，同時，包括泰金  KY慶豐富美喆  KY 及嘉威第三季營收表現亮麗。,"[""零售"", ""Fed"", ""降息""]",2024-10-13 10:23:52,鉅亨新視界,860
5740922,https://news.cnyes.com/news/id/5740922,郭明錤：OLED iPad Pro 出貨預期慘遭下修 主要是這2大原因,"天風國際證券分析師郭明錤最新報告指出，iPhone 16 系列的出貨情況大致符合預期，另外也提到研調機構大幅下修 OLED iPad Pro 出貨預測，是因為價格昂貴，導致 13 吋 iPad Air 出現替代效應。

郭明錤表示，iPhone 16 Pro 和 Pro Max 的需求至今符合預期，供應商甚至被要求在中國十一長假期間持續生產，雖然標準版和 Plus 版的需求相較去年仍未見起色，但整體訂單調整幅度小於 35，基本可以忽略。

郭明錤維持第四季 iPhone 16 出貨預估為 8800 萬至 8900 萬支，略低於去年同期，會持續觀察 Apple Intelligence 在 10 月下旬上線後對美國市場的表現。

而研調中心 DSCC 將 2024 年 OLED iPad Pro 的出貨量預測，從 1000 萬部大幅下調至 670 萬部，郭明錤對此表示，這是由於較高的售價和 13 吋 iPad Air 帶來的替代效應。",天風國際證券分析師郭明錤最新報告指出，iPhone 16 系列的出貨情況大致符合預期，另外也提到 OLED iPad Pro 出貨預測下修，是因為 13 吋 iPad Air 的替代效應。,"[""Apple"", ""ipad"", ""iphone""]",2024-10-13 10:20:33,台股新聞,827
5740910,https://news.cnyes.com/news/id/5740910,台股電子交投增溫 法人：聚焦大廠法說2025展望 行情正面看待,"過去一周，十一長假後的陸股未如預期走高，但台股和美股重要科技股或大廠近期都有活動新計畫發表會或法說登場，使得電子類股表現好於傳產，相關半導體供應鏈AI 概念股表現較佳。投信法人表示，隨著科技大廠重要法說陸續登場，可優先關注其對 2025 年的展望，此外，元月效應有機會在 11 月下旬開始顯現，行情仍是正面看待。

PGIM 保德信科技島基金經理人黃新迪表示，近期台股呈現類股輪動，再度推升指數緩步往 24000 點挺進，且因大盤之前回檔後，部分個股評價已經具有吸引力，加上晶圓龍頭大廠的 CoWoSL 產能開出以伊地緣政治風險帶動的中國製造需求，以及美國對中國半導體管制趨嚴預期，讓 AI 晶片HBM設備等出現提前拉貨需求，成為第四季支撐台股走高的助力。

選股方面，黃新迪建議，看好第四季旺季行情將於美國大選後再起，可增持基本面佳評價面合理類股，包括封測先進製程半導體材料等，以及中國製造概念，整體配置以半導體電腦周邊電子零組件等科技族群為主。

隨著重要大廠法說即將登場，接下來動能該如何觀察？安聯投信台股團隊表示，若觀察重要權值股，不論是已公布的營收數據，或是市場對於第三季財報預期，所釋放的訊息都相對正面；隨著重要法說將陸續登場，可優先關注大廠對 2025 年的說法，這是最主要的觀察點。

展望後市，安聯投信台股團隊表示，隨著第四季到來，除景氣回升情形各國政策動向外， 電子業股價動能主要變數在於 GB200 在第四季下旬開始出貨後的拉升狀態，傳產業則以陸股表現為依歸。

至於美國大選，仍時有雜音干擾市場，有待選情確定，不過，選後應是正面看待。地緣政治則是最不可控的變數。觀察技術面和資金面，外資未平倉空單是近年的新高；技術面則指向盤局。

在總經方面，安聯投信台股團隊表示，9 月美 CPI 報告讓市場對 Fed 減碼幅度有所下降，後續經濟數據的動向仍需留意對降息預期的影響；中國將持續擴大寬鬆政策略，陸股的表現仍須留意。",過去一周，十一長假後的陸股未如預期走高，但台股和美股重要科技股或大廠近期都有活動新計畫發表會或法說登場，使得電子類股表現好於傳產，相關半導體供應鏈AI 概念股表現較佳,"[""台股"", ""法人"", ""電子股"", ""科技廠"", ""法說""]",2024-10-13 10:02:57,台股新聞,827
5740125,https://news.cnyes.com/news/id/5740125,千億輪胎帝國為何重兵布局印尼及印度？正新董座：台灣市場就這麼大，不出去就沒辦法成長,"撰文  萬年生

4 年前，營收近千億的輪胎帝國正新家變新聞，震撼各界。當時，創辦人羅結的二女婿陳榮華在董事會改選後，接掌正新董事長大位，原董事長羅結次子羅才仁交出決策權杖，成了陽春董事。

集團決策三人共治  加速第三代傳承

去年再次改選後，陳榮華續任董事長，羅才仁則獲推選擔任副董事長，重返決策圈，加上大女婿原副董陳秀雄接任總裁，形成新的集團決策三人共治經營模式，意味著家族重回和諧軌道，紛擾畫下句點。

於此同時，身為台灣少有的，能夠品牌代工兼顧，並在全球市場打出一片天的企業，正新也開始加速第三代的傳承，成員們正式參與經營決策。

傳承一定要做狡兔有多窟，家變近 1600 天後，十分低調的陳榮華接受本刊獨家專訪，從印尼廠最新發展雙印大戰略，談到品牌之路，以及傳承和地緣政治等議題。以下是專訪紀要：

今周刊問以下簡稱：最早布局印尼，是著眼正新的雙印大戰略？

陳榮華答以下簡稱：海外投資，對正新來講不得不去，以前說過企業go global or go home，不國際化就回家休息；台灣機車市場就這麼大，不出去就沒辦法成長。印度的人口和機車市場現在已是全球第一。譬如附近的魚都被你抓光，當然要走遠洋一點，遠洋就有氣候文化風險，以及各方面不確定性比較大，說不定碰到海盜，但你還是要走。

印尼看產量有突破了，印度還在努力，但也是一個好轉趨勢。

問：董事長很看好印尼市場？

答：當然看好，人口超過兩億，全球機車市場排第三位。目前第一位是印度第二是中國第三就是印尼。

市場還是最重要。現在印尼機車胎專賣店有 780 家我認為不夠，兩百家也不夠，要再一直上來。

印尼廠日產 4 萬條機車胎

問：現在印尼機車胎賣太好，已經供不應求？

答：那就要趕快，台灣因市場停滯而在餓肚子，印尼是天然資源豐富的國家，且盛產天然橡膠，氣候非常適宜騎機車作為交通工具，他們正處在經濟發展的階段，對輪胎廠商而言，可以說是爭取市場的黃金機會。

問：印尼廠從無到有，今年 7 月底每日產 4 萬條機車胎達到滿產能，且 7 月單月也獲利，終於符合期待？

答：一開始固定資產的投資比較大，利息負擔比較重，短期內沒有辦法改變。現在有看到一點曙光，如同走在隧道裡，亮光愈來愈亮。

問：印尼輪胎專賣店發展得很好，加盟主對自有品牌 MAXXIS 很有信心，董事長一路來都是品牌關鍵推手，怎麼看打品牌的成就或辛苦？

答：打品牌是很辛苦。但打起來的話，我曾講過，像海水，把海水煮熱很困難，不過當你有一天把海水煮熱，你隨便容器一舀，就有熱水可用。任何東西掛上知名品牌後，價格就可以提高，有強而有力的品牌，就擁有產品的 pricing power定價權，因品牌有排他性，競爭對手難以模仿。

今天 MAXXIS 能這麼快進到其他國家的市場，因為是 MAXXIS Global brand全球品牌。一個品牌要有獨特的內涵靈魂意義，不是任何人說要做一個品牌，取個英文名字就是打品牌。關鍵是這個品牌有沒有人認同，消費者對你的品牌有沒有信賴，有沒有消費者願意付比較好的價錢。

問：台灣有走到國際的消費者品牌真的不多？

答：所以我們在走一條很孤獨的路。你說，台灣企業有幾家是真的打到消費者的品牌？我們都是一直做，印尼能成功，泰國也能成功，還有菲律賓也能成功；真正的國際化，國際品牌是必備的通行證。

來源：今周刊 第 1451 期
更多精彩內容請至今周刊

本文授權自今周刊，原文見此。



你可能也會感興趣

拿 500 萬存 0056，月領快 6 萬真能辦到？施昇輝：高息 ETF 這樣存退休後放心花錢

身價 4 億年領 660 萬股息，88 歲神級散戶阿公卻說：只買高股息，遲早吃苦頭！6 大重點找出會賺錢股票",4 年前，營收近千億的輪胎帝國正新家變新聞，震撼各界。當時，創辦人羅結的二女婿陳榮華在董事會改選後，接掌正新董事長大位，原董事長羅結次子羅才仁交出決策權杖，成了陽春董事。,"[""今周刊"", ""趨勢分析"", ""正新"", ""輪胎""]",2024-10-13 09:20:02,雜誌,872
5740867,https://news.cnyes.com/news/id/5740867,不只高股息也要ESG 第1支主打ROE高股息型ETF 1015掛牌,"有別於今年大多數主打高股息或債券型的 ETF，除追求高股息，並兼顧股東權益報酬率 ROE 由富蘭克林華美投信所推出的臺灣 ESG 永續高息 ETF00961，已於 9 月底完成募集後，將於周二1015 正式掛牌上市。

觀察目前 ETF 最新總市值前 10 大規模，除了 0050 元大台灣 50006208 富邦台 50 這兩檔市值型外，其餘 8 檔皆為高股息及債券類型 ETF，顯示國人對於投資上追求穩定息收仍是第一首選；不過在獲取息收的同時也面臨著填息的壓力考驗，尤其從下半年幾檔高股息宣布配息金額不如以往後，投資人更要懂得手上 ETF 的選股邏輯是否能有效填息，而非單純只發高息卻貼息，落入了左手換右手的窘境。

但真正有能力發出股息並填息，關鍵兩個點在於：1. 企業需有足夠獲利，才有空間能發出股息 2. 獲利能力持續成長，公司價值提高推升股價完成填息，也因此股東權益報酬率 ROE 是衡量這兩個關鍵點的重要指標，而 00961 FT 臺灣永續高息所追蹤的指數ICE 臺灣 ESG 高息指數，正是用 ROE 指標做為選股邏輯核心，主打高利填息與成長強化及 ESG 主題性，透過 ROE 篩選獲利企業外，更透過 ROE 季成長率對股利率進行加權排序，幫助投資人網羅真正有能力發出高股息，且有更高機率迴避貼息完成填息的企業。

除了 ROE 外，00961 選股邏輯也結合了 ESG 概念，隨著全球追求淨零排放，各大企業在供應鏈上的要求也紛紛跟進，而知名科技企業像是蘋果 Apple 也宣告 2030 年前實現脫碳，合作供應鏈也必須達到要求，換言之如果台廠供應鏈未來要做科技龍頭生意的話，導入 ESG 是勢在必行且將提升在供應鏈中的競爭力。

目前 00961 將於 1015 正式掛牌上市，而富蘭克林華美投信另一檔市值型 ETF 00905 FT 臺灣 Smart 也宣布了 10 月配息資訊並於 1022 將進行除息，因此投資人若對於台股未來走勢仍抱持不確定心態，建議可以將資金做分散同時投資這兩檔 ETF，透過高股息  市值型 ETF 搭配，在多頭開始時追成長不錯失投資先機；在股市震盪時用息收做防禦靜待反彈時機。",有別於今年大多數主打高股息或債券型的 ETF，除追求高股息，並兼顧股東權益報酬率 ROE 由富蘭克林華美投信所推出的臺灣 ESG 永續高息 ETF00961，已於 9 月底完成募集後，將於下週二1015,"[""ICE 臺灣 ESG 高息指數"", ""00961"", ""ETF"", ""ROE""]",2024-10-13 09:10:05,ETF,914
5740498,https://news.cnyes.com/news/id/5740498,碳費政策定案明年將實施! 低碳轉型勢在必行: 台達電森崴能源富威電力雲豹能源泓德能源,"台灣碳費時代來臨 企業面臨的挑戰

全球應對氣候變遷的壓力日益增加，碳費政策是全球推動低碳經濟轉型的重要手段之一，台灣在經過一年多討論和六次的碳費審議會下，環境部的碳費審議委員會於 10 月 7 日上午定調，建議每噸碳排收費 300 元，業者可透過達成行業別或技術標竿指定削減率，適用每噸 100 元或 50 元的優惠費率，明年中預計會從年碳排 2.5 萬噸以上約 300 家公司開始試申報，2026 年起正式收費，為實現 2050 年淨零排放目標奠定基礎。

然而這也對台灣許多高排放的製造業公司帶來了巨大的成本壓力，尤其是鋼鐵石化水泥和化工等產業，台灣的製造業目前面臨著來自國際市場的競爭，特別是將實施的碳費制度與日本韓國等地的碳價相比處於不利地位，日本每噸碳的成本為 64.7 元台幣韓國為 5.7 元台幣，都遠低於台灣的 300 元台幣，不僅如此，這些產業的產品若出口至歐盟，還需應對來自歐盟碳邊境調整機制的壓力，額外支付的碳排放成本增加了在國際市場的競爭負擔，如何進行生產轉型並維持競爭力，成為許多台灣企業必須思考的議題。

下載陳智霖分析師 APP 獲得更即時資訊 ，完成註冊獎勵金最高 6000 元 

陳智霖老師的直播節目及 APP 的獨家廣播都會針對國際總經還有重要財經事件即時追蹤分析，同時提供產業趨勢方向，只要 APP 完成註冊驗證者都可獲得獎勵金 最高回饋 6000 元，邀請您可以立即點選下方連結免費下載陳智霖分析師 App，下載連結: https:hantec.liveinapp.comjhihlinapplink

低碳轉型商機爆發

根據經濟部的數據，台灣有 149 家上市製造業公司需要支付碳費，其中有 33 在過去一年中處於虧損或微薄利潤狀態，根據經濟部的估算，每噸碳費為 300 元時，將導致 GDP 下降 0.12 個百分點，如果碳費提升至 500 元，GDP 可能下降 0.2 個百分點，儘管碳費政策對部分能源密集型的製造業帶來了挑戰，但也為某些領域創造了機遇。

為了應對碳費政策，企業可以先透過提高能源效率投資再生能源和碳捕捉技術來減少碳排放，部分企業也開始轉向可再生能源，台達電 2308TW 作為能源管理解決方案的領導者，已經取得了碳中和認證並設立了科學基礎減碳目標，透過綠色能源產品提升市場競爭力，台灣其他的綠電業者如森崴能源 6806TW 旗下的富威電力 6994TW雲豹能源6869TW 旗下的天能綠電以及泓德能源 6873 的星星電力，也都因綠電銷售有望再創營收新高。

企業對外有貿易對內有法規的壓力，在能源轉型綠電供不應求的狀況下，綠電價格預期將持續上升，加上碳費政策推動的影響，投資人可以關注節能技術再生能源以及綠色科技相關的公司，相關碳權概念股和能源概念股該如何操作，建議投資朋友可以關注智霖老師的節目動態，跟上具備專業及誠信控管有買有賣的陳智霖分析師，邀請您先免費下載陳智霖分析師 APP，申請體驗每週的精選操作名單，透過老師獨家的盤中數據來指引你方向，關於最新的行情看法老師帶領會員最新的進出策略及預告，請忠實粉絲務必收看最新的直播節目，也請動動手指頭不吝嗇給智霖老師一個讚喔！

最新影音 請點影音上方標題至 Youtube 收視品質會更佳



才剛剛接觸陳智霖分析師的新朋友，建議您現在立即點選連結下載安裝陳智霖分析師 APP，新註冊的用戶可免費體驗午報導航選股到價盤中通知以及會員專屬影音，歡迎您透過體驗來了解陳智霖老師，體驗都是限時限額開放，千萬不要浪費了您可以免費體驗的權益喔。



點擊連結免費下載註冊陳智霖分析師 APP獎勵金回饋立即領 https:hantec.liveinapp.comjhihlinapplink

錢進熱線 0226538299， 立即邁向系統依據的股票操作。

文章來源：陳智霖分析師  亨達投顧

本公司所推薦分析之個別有價證券
無不當之財務利益關係 以往之績效不保證未來獲利
投資人應獨立判斷 審慎評估並自負投資風險",,"[""趨勢分析"", ""亨達投顧"", ""陳智霖"", ""碳費"", ""低碳"", ""淨零排放"", ""鋼鐵"", ""石化"", ""水泥"", ""化工"", ""碳價"", ""歐盟碳邊境"", ""GDP"", ""能源"", ""再生能源"", ""碳捕捉"", ""碳中和"", ""碳權"", ""綠電"", ""台達電"", ""森崴能源"", ""富威電力"", ""雲豹能源"", ""天能綠電"", ""泓德能源"", ""星星電力""]",2024-10-13 09:10:03,台股新聞,827
5740126,https://news.cnyes.com/news/id/5740126,漢堡王溫蒂都他客戶！25歲二代帶領40年POS機大廠攻AI影像辨識：客人少等7秒，營收成長1,"撰文  張如嫻

飛捷已是全球領先的 POS 機廠，卻不甘只做硬體，近年來積極發展軟體事業，將 AI 影像辨識技術導入美國速食業龍頭東南亞連鎖超市，為集團事業開創第二春。

在這家位於美國華盛頓州的溫蒂漢堡Wendys，店長一邊替客人打包餐點，一邊盯著牆上螢幕，原來，櫃檯的 AI 攝影機正追蹤每位客人的排隊點餐和等餐時間，數字全顯示在螢幕上，一發現排隊時間變長，店長馬上調度人力，減少客人不耐而離開的機率，平均下來，讓月營收增加 4。很難想像，把這款AI 計時器系統導入速食業的，竟是原本只做硬體的工業電腦廠飛捷科技。

1984 年成立的飛捷專做 POS 機，約 8 成客戶來自全球零售餐飲業，點餐結帳機台全靠它。做了 30 幾年硬體，5 年前，飛捷走上軟體研發之路，還分拆出華捷智能Berry AI英捷智能Angible英諾菲三家純軟體子公司，前兩家更挾 AI 視覺辨識技術分別打進美國速食龍頭東南亞大型連鎖超市，他們是如何做到的？

避紅海競爭  董座兒接新任務

這個產業做久了，就有一堆人進來，我們每天都在怕，會不會明年就被別人幹掉？飛捷董事長林大成說，創業以來，他始終秉持人多的地方不要去，卻難抵擋後進者削價搶客，即使已拿下全球 POS 機大廠地位，對被幹掉的擔憂依然揮之不去，每天都感受到這種壓力。於是 2018 年，林大成決定發展非 POS業務，希望創造第二成長曲線，避開紅海競爭。

但問題馬上就來：不做 POS 機，還能做什麼？林大成把這項任務，交給剛自美國大學畢業的兒子林逸中。林逸中加入飛捷後，與同事從兩張桌子開始，發想 POS 機以外的新業務，人多的地方不要去，但沒人的地方千萬不要去，你要跟在部隊旁邊走。林大成時常這樣提醒林逸中，意思是，從大家都在做的生意中找到加值應用。

他們從飛捷已打入的產業切入，注意到當時首次對外開幕的亞馬遜無人商店，號稱採用大量 AI 影像辨識技術，判斷消費者的動作與拿走的商品品項，激起林逸中研究 AI 影像辨識的興趣，並認為這項技術有商機。

2019 年，Berry AI 誕生，由飛捷 100持股，年僅 25 歲的林逸中則擔任執行長，鎖定 AI 影像辨識找應用，飛捷正式跨入軟體市場；不過有技術又有經驗的人才稀缺，最初團隊只有 5 人，就走上這條與本業截然不同的路。

Berry AI 的處女作是麵包結帳機，也就是放在麵包店結帳櫃檯旁，代替店員辨識客人買了哪些麵包計算價錢；然而麵包重疊夾子遮擋等不確定因素太高，導致辨識準確率遲遲無法提升，就算一百個麵包中，AI 只會看錯一個，店員也無法接受。林逸中這才驚覺，不是所有客戶的痛點，自家技術都能解決。

第二次，Berry AI 轉換賽道，把影像辨識帶進郵局，自動量測包裹尺寸，結果公務機關導入新科技的速度慢，就連試用都要跑好幾個月的公文招標流程，林逸中果斷放棄，並繼續研究其他產業應用。

歷經一年多峰迴路轉，某次林逸中在與好友聊天中，發現速食業者一直在尋找提升服務效率和品質的解方，他決定回頭鎖定飛捷最熟悉的餐飲客群。團隊經過訪談調查得知，光是店內標準作業流程就有上百項，業者對 AI 有非常多想像，一開始有 89 項功能，客戶全都想做。林逸中舉例，業者會想知道員工上班有沒有滑手機洗手有沒有洗乾淨庫存盤點有沒有照實做，但是，Berry AI 得先幫他們挑出最適合用影像辨識且最急迫的需求。

來源：今周刊 第 1451 期
更多精彩內容請至今周刊

本文授權自今周刊，原文見此。



你可能也會感興趣

拿 500 萬存 0056，月領快 6 萬真能辦到？施昇輝：高息 ETF 這樣存退休後放心花錢

身價 4 億年領 660 萬股息，88 歲神級散戶阿公卻說：只買高股息，遲早吃苦頭！6 大重點找出會賺錢股票",飛捷已是全球領先的 POS 機廠，卻不甘只做硬體，近年來積極發展軟體事業，將 AI 影像辨識技術導入美國速食業龍頭東南亞連鎖超市，為集團事業開創第二春。,"[""今周刊"", ""趨勢分析"", ""AI"", ""飛捷"", ""POS機"", ""AI影像辨識""]",2024-10-13 09:00:03,雜誌,872
5740437,https://news.cnyes.com/news/id/5740437,iPhone 16 升級帶動PA需求，台廠供應鏈受惠: 穩懋全新立積宏捷科,"iPhone 最新技術升級與 PA 的重要性

蘋果的 iPhone 系列每次升級都對科技產業帶來顯著影響，iPhone 16 的發布更是再次點燃了市場對於新技術的期待，特別是在 5G 網路和未來 WiFi 7 的佈局需求驅動下，功率放大器 Power Amplifier，PA 技術成為了核心焦點，PA 技術是負責將射頻信號轉換為手機天線能夠傳輸的高功率信號，將直接影響手機的信號傳輸質量和網路速度，對於手機的整體效能至關重要，這也讓許多台灣的 PA 供應商站上了國際舞台，成為蘋果供應鏈的一部分。

PA 市場的成長與 5G 網路的普及息息相關，iPhone 16 的主要升級之一就是在 5G 技術的進一步強化和 WiFi 7 的導入，PA 技術作為手機射頻系統核心元件，在蘋果的要求不斷提升下，如何將射頻信號放大至足以傳輸的功率，同時保持低功耗的表現，牽動了蘋果與多家 PA 供應商的合作關係。



下載陳智霖分析師 APP 獲得更即時資訊 ，完成註冊獎勵金最高 6000 元 

陳智霖老師的直播節目及 APP 的獨家廣播都會針對國際總經還有重要財經事件即時追蹤分析，同時提供產業趨勢方向，只要 APP 完成註冊驗證者都可獲得獎勵金 最高回饋 6000 元，邀請您可以立即點選下方連結免費下載陳智霖分析師 App，下載連結: https:hantec.liveinapp.comjhihlinapplink

PA 技術推動相關供應鏈

根據市場研究報告指出，全球 PA 市場在 2024 年預計將達到超過 150 億美元的市場規模，除了 iPhone 系列產品的升級之外，PA 技術還將應用於其他智能裝置如智慧手錶平板電腦等，台灣在 PA 技術領域具備深厚的技術基礎，早已經與國際大廠建立了深厚的合作關係，穩懋 3105TW 做為全球化合物半導體的領導廠商，透過先進的砷化鎵 GaAs 和氮化鎵 GaN 技術成功進入蘋果的供應鏈，全新 2455TW 是砷化鎵磊晶全球三大製造商之一，宏捷科 8086TW 憑藉著在高頻段 PA 技術的突破，也成為 PA 市場的重要參與者，射頻晶片設計廠立積 4968TW 營收約九成來自 Wifi 應用，隨著 Wifi 7 滲透率提升，也有望帶動整體營收和獲利上揚。

隨著 iPhone 需求的不斷成長，台灣的供應商也面臨著來自中國美國等激烈的全球競爭，台廠憑藉著先進的製造技術和穩定的品質控制，在 PA 技術上的優勢將更加凸顯，還能針對不同客戶的需求提供客製化的解決方案，PA 技術將在 5G 及未來 6G 網路的發展中扮演越來越重要的角色，未來隨著 iPhone 及全球智慧手機市場的成長，將獲得更多的發展機會，相關概念股如何操作? 建議忠實粉絲觀眾先下載陳智霖分析師 APP，申請體驗每週的精選操作名單選股到價盤中通知，平日的晚上都有智霖老師親自撰寫的免費分析文章，APP 再升級也可查看個股即時行情，沒有下載 APP 真的就是你的損失喔！關於最新的行情看法老師帶領會員最新的進出策略及預告，請忠實粉絲務必要收看最新的直播節目，也請動動手指頭不吝嗇給智霖老師一個讚喔！

最新影音 請點影音上方標題至 Youtube 收視品質會更佳  TW



才剛剛接觸陳智霖分析師的新朋友，建議您現在立即點選連結下載安裝陳智霖分析師 APP，新註冊的用戶可免費體驗午報導航選股到價盤中通知以及會員專屬影音，歡迎您透過體驗來了解陳智霖老師，體驗都是限時限額開放，千萬不要浪費了您可以免費體驗的權益喔。



點擊連結免費下載註冊陳智霖分析師 APP獎勵金回饋立即領 https:hantec.liveinapp.comjhihlinapplink

錢進熱線 0226538299， 立即邁向系統依據的股票操作。

文章來源：陳智霖分析師  亨達投顧

本公司所推薦分析之個別有價證券
無不當之財務利益關係 以往之績效不保證未來獲利
投資人應獨立判斷 審慎評估並自負投資風險",,"[""趨勢分析"", ""亨達投顧"", ""陳智霖"", ""蘋果"", ""iPhone"", ""5G"", ""WiFi 7"", ""功率放大器"", ""PA"", ""智慧手錶"", ""化合物"", ""半導體"", ""砷化鎵"", ""GaAs"", ""氮化鎵"", ""GaN"", ""穩懋"", ""磊晶"", ""全新"", ""立積"", ""宏捷科""]",2024-10-12 21:30:05,台股新聞,827
5740916,https://news.cnyes.com/news/id/5740916,神準明年Q1推AI IPC新品搶市 自研水冷散熱盼技術整合,"網通廠神準 3558TW 今 12 日舉辦神準集團暨恩嘉科技永續路跑家庭日活動，董事長蔡文河出席活動時透露，神準將跟隨英特爾 INTCUS 明年第一季推出 AI IPC 新產品，另外也在研發水冷散熱系統，目標為企業伺服器實現技術整合。

蔡文河表示，神準將跟隨英特爾腳步進軍 AI IPC 市場，預計明年第一季投產，目前在印度和台灣都大幅增加研發人力；至於英特爾近期目標下修，由於神準與英特爾剛開始合作，並未有太多訂單，故不受太大影響。

蔡文河提到，神準正積極投入水冷散熱技術的研發，神準已有專業團隊投入開發，期望明年下半年能夠取得成果，現階段目標以自用為主，隨著未來技術成熟，希望在企業級 AI 伺服器實現技術整合。

蔡文河強調，神準未來將聚焦於軟體價值，切入不同市場，除了 AI IPC 和水冷散熱技術外，也將發展中大型企業級伺服器邊緣運算等產品，希望在大廠忽視的利基市場中尋找機會，並專注於軟體方面的優勢加值產品以搶佔獨特的市場區塊。

市場展望部分，蔡文河表示，今年第四季將比前三季略好，但整體仍處於相對保守狀態，明年可望回到成長軌道，但由於今年廠商競相搶單，明年網通產品雖然出貨量可能回升，整體價格恐仍維持在較低水準。

在產能布局方面，蔡文河透露，越南廠預計明年 78 月完工，第四季量產，並專注於生產智能網路設備伺服器及與 AI 技術相關的高科技產品，預估到 2027 年，越南廠將成為神準集團生產主力基地。",網通廠神準 3558TW 今 12 日舉辦神準集團暨恩嘉科技永續路跑家庭日活動，董事長蔡文河出席活動時透露，神準將跟隨英特爾 INTCUS 明年第一季推出 AI IPC 新產品，另外也在研發水冷散熱系統，目標做為企業伺服,"[""神準"", ""英特爾"", ""AI伺服器"", ""網通"", ""水冷散熱""]",2024-10-12 19:23:20,台股新聞,827
5740905,https://news.cnyes.com/news/id/5740905,熱門股聚鼎9月營收報喜 股價奔漲停創28個月新高,"保護元件廠聚鼎 6224TW9 月營收報喜前 9 月營收重返成長軌道，周五股價直奔漲停 75.9 元，創 2022 年 7 月以來 28 個月新高，周漲 14。

聚鼎 9 月營收 3.32 億元，月增 19.3年增 30.6，創歷史單月次高同期新高；累計前 9 月營收來到 21.64 億元，年增 1.2，由先前衰退轉為成長。

據了解，聚鼎受惠元件產品出貨成長，今年以來營收表現逐步回升，加上美系客戶智慧手機新機上市，也推升公司 9 月營收大幅成長。

此外，聚鼎轉投資的美國 TCLAD 產能瓶頸狀況改善虧損已明顯收斂，集團整合效益可望逐漸發酵，有助後續獲利表現。


聚鼎日 K 線圖",熱門股聚鼎 9 月營收報喜 股價奔漲停創 28 個月新高,"[""聚鼎"", ""保護元件"", ""營收""]",2024-10-12 13:25:37,台股新聞,827
5740907,https://news.cnyes.com/news/id/5740907,企業瘦身！大摩：亞馬遜擬全球經理級別大裁員 明年初前裁撤1.4萬人,"近日，根據摩根士丹利的內部報告，亞馬遜 AMZNUS 計劃在 2025 年初前裁除約 1.4 萬名管理層人員。

這一消息引發了廣泛的關注，尤其是在亞馬遜於 9 月 16 日宣布取消遠程工作WFH政策後，要求所有員工自 2025 年 1 月起全職回辦公室工作。許多人對這一變化感到擔憂，認為這可能預示著公司將進行更大規模的裁員。

摩根士丹利的報告指出，亞馬遜每名管理者的年成本在 20 萬至 35 萬美元之間。亞馬遜此次很可能大幅縮編全球管理職人數，從目前的 10.57 萬人大幅減少至 9.19 萬人，因此每年可節省 21 億至 36 億美元，讓公司年營收提高 3 至 5。

摩根士丹利認為，縮編不僅是為了降低成本，更是為了應對市場環境的變化，對亞馬遜整體營運有利，藉由精簡組織架構與層級，讓公司運作能加快腳步。

亞馬遜執行長賈西Andy Jassy在內部備忘錄中提到，將提高個人貢獻者與管理者的比例，以簡化組織結構，消除多餘的管理層級，使公司運作更為高效。這一變革不僅是對內部管理的反思，也反映了公司對未來發展方向的重新思考。

然而，這一裁員計畫恐重挫員工士氣，大規模裁員的消息可能會導致剩餘員工感到不安與不確定，進而影響公司整體生產力和創新能力。

此外，裁員後，亞馬遜可能會將資源重新分配至初級職位的招聘上，這將為求職者提供新的機會。市場上已有消息指出，亞馬遜計劃在 2025 年前的幾個季度內加大對初級職位的招聘力度。

最終，亞馬遜的裁員計畫不僅是公司內部的一次重大調整，也可能成為行業的風向標，影響未來的招聘與用人策略。在不斷變化的科技行業中，亞馬遜的這一決策將可能引發其他公司類似的行動，進一步加劇行業內的競爭與變革。如何在降低成本的同時保持員工的士氣，將是亞馬遜未來必須面對的重要挑戰。",近日，根據摩根士丹利的內部報告，亞馬遜計劃在 2025 年初前裁除約 1.4 萬名管理層人員。,"[""摩根士丹利"", ""裁員"", ""亞馬遜"", ""美股""]",2024-10-12 13:19:46,美股雷達,831
5740899,https://news.cnyes.com/news/id/5740899,馬斯克畫大餅 華爾街嚥不下！諸多質疑點 特斯拉股價重挫近9,"特斯拉 TSLAUS 萬眾矚目的 Robotaxi 終於揭開神秘面紗，執行長馬斯克 Elon Musk 在這場自詡能載入史冊的活動中，他乘坐一輛名為 Cybercab 的無人駕駛計程車出場。該車型沒有方向盤和踏板，具備感應充電功能，預計在 2026 年投產，成本低於 3 萬美元。


圖片來源：特斯拉官網


此外，特斯拉還展示了一款可以容納 20 人的無人駕駛多功能車 Robovan。馬斯克還歡迎所有特斯拉車主加入共享車隊，形成龐大的服務營運網絡，這一系列創新被視為馬斯克的交通行業革命，然而華爾街對這一切的反應卻顯得冷淡。

Robotaxi 的市場潛力與挑戰

馬斯克在發表會上強調，Robotaxi 的使用率若能從目前的每週 10 小時提升至 100 小時，將大幅降低出行成本，預計為 0.2 美元每公里，在美國含稅與其他費用後約每公里 3040 美分，此親民價格將使得出行更加普及。

無人駕駛貨運車 Robovan 的運輸成本可以降到 510 美分  英里。馬斯克表示，未來消費者可以購買 Cybercab，不僅可以滿足自身的出行需求，還能加入特斯拉 Robovan 服務網絡，讓 Cybercab 為車主賺錢。

然而，儘管這個商業模式看似具有吸引力，但投資者的信心卻未能跟上。發表會後，特斯拉股價在美東時間周四盤前下跌近 7，最終重挫 8.78，收每股 217.80 美元，創下過去兩個月的最大跌幅，年內累積下滑超過 12，顯示出市場對其未來獲利能力的疑慮。

華爾街的質疑聲

1.Robotaxi 實際落地能力令人質疑，尤其是在中國市場

華爾街對特斯拉的自動駕駛願景表現出明顯的懷疑。儘管馬斯克稱此次發表會是自 Model 3 以來最重要的時刻，但分析師們對 Robotaxi 的實際落地能力表示擔憂。特斯拉在自動駕駛技術上的進展仍需時間來驗證，尤其是在中國市場，FSD完全自動駕駛尚未落地，這使得 Robotaxi 的市場影響力受到限制。

即使 FSD 在中國落地，特斯拉 Robotaxi 在中國短時間內仍難以帶來威脅，畢竟 FSD 需要時間收集資料。

2. 中國出行服務市場已有霸主滴滴與眾多新創強者盤據

此外，隨著中國出行服務市場的快速發展，滴滴等本土企業已在無人駕駛領域展開佈局。

身為市場的領導者，滴滴出行在中國共享旅遊市場中佔有了重要地位。滴滴上半年財報顯示，2024 年上半年營收為 999.36 億元，較上年同期的 915.6 億元成長 9.15。其中，營運利潤為 12.08 億元，淨利為 6.14 億元，而上年同期的淨虧損 9.23 億元。

作為 2012 年成立的公司，滴滴在 2023 年才首次實現年度淨利為正。今年上半年淨利持續向好業務方面，滴滴 2024 年第二季度中國出行總單量為 30.04 億單，較上年同期增長 12.3；國際業務總單量為 8.71 億單，較上年同期增長 39.1。中國旅遊及國際業務日均單量分別達 3,300 萬單957 萬單，持續創歷史新高。

很顯然，從滴滴的業務表現可知，不管是國內還是國外的出行服務市場，仍處於快速成長狀態。

除了滴滴，市場上還湧現許多新興企業，如美團曹操出行和蘿蔔快跑等。這些企業透過創新的商業模式和技術手段，積極參與共享出行市場。尤其是蘿蔔快跑，近期在全球佈局方面取得了顯著進展，計劃推出無人駕駛計程車服務。

雖然麥肯錫的報告指出，Robotaxi 市場預計在未來幾年內以超過 75 的複合年增長率成長，到 2032 年市值可能達到 78.42 億美元，但特斯拉在這一領域的競爭並不輕鬆。

3. 未見 Robotaxi 具體生產時間表技術細節監管合規資訊

同時，市場也對特斯拉 Robotaxi 計畫缺乏具體的生產時間表和技術細節表示不滿。馬斯克僅透露 CyberCab 將於 2026 年開始生產，未能提供更多關於商業模式和監管合規的資訊。

4. 電動車市場競爭加劇 特斯拉未見新電動車型 

分析師指出，特斯拉的股價已包含對未來成長的高期望，但缺乏新車型的發布使得投資者感到失望。雖然 Model Y 和 Model 3 依然是全球最暢銷的電動車型，但都已經發布了超過五年時間，華爾街對特斯拉的未來前景持謹慎態度，尤其是在電動車市場競爭加劇的背景下。

5. 買得起的車才是重點：未見面向家用市場入門車

市場觀察家認為，特斯拉急需推出更現實的入門車型，以刺激銷售量。儘管馬斯克今年 7 月承諾，將繼續按計畫在明年發布新的入門車型，但此次發表會未能提供相關訊息，進一步加劇了市場的不安。投資人迫切希望看到成長放緩的特斯拉盡快發布計畫中的 2 萬美元入門車型 Model 2，為特斯拉帶來新的銷售成長推動力。

CFRA 分析師 Garrett Nelson 表示：特斯拉近期產品路線圖缺乏細節，讓我們感到失望。

在全球電動車市場降溫的情況下，特斯拉的成長潛力受到挑戰。馬斯克的自動駕駛和機器人願景雖吸引眼球，但投資人更希望看到短期內能推動銷售的實際產品。隨著市場對特斯拉未來的期待逐漸降低，華爾街對這家電動車巨頭的信心也逐漸減弱。

馬斯克別畫餅了！

儘管特斯拉的 Robotaxi 計畫展現了未來出行的潛力，華爾街的反應卻揭示了市場對馬斯克畫餅能力的審慎態度。投資者對特斯拉能否在激烈的市場競爭中脫穎而出實現盈利持保留態度。未來，特斯拉需要不僅在技術上取得突破，更需在商業模式的可持續性上贏得市場信任。",特斯拉 TSLAUS 萬眾矚目的 Robotaxi 終於揭開神秘面紗，一系列創新被視為馬斯克的交通行業革命，然而華爾街對這一切的反應卻顯得冷淡。,"[""馬斯克"", ""自動駕駛"", ""robotaxi"", ""robovan"", ""滴滴"", ""Cyber​​cab""]",2024-10-12 13:00:02,美股雷達,831
5740896,https://news.cnyes.com/news/id/5740896,熱門股紘康將併入矽統 單周上漲14創波段高,"MCU 業者紘康 6457TW 本周通過股東臨時會，與矽統 2363TW 進行股份轉換，預計 2025 年元旦正式併入矽統，在未來展望看佳與合併案順利通過下，本周股價也同慶，最高一度達 72.3 元，創下 10 個月來新高，單周漲幅 14.11。

紘康董事長趙伯寅看好，併入矽統後的，可望加深與晶圓代工廠聯電 2303TW 的合作關係，加上提列庫存跌價損失告段落需求顯著回升，明年營收毛利率將同步向上。

紘康本周沿五日線上攻，周三更爆大量，最高衝上 72.3 元，週五終場則因漲多回檔，收在 66.3 元，三大法人中外資與自營商皆站買方，外資買超 235 張自營商小買 15 張。",MCU 業者紘康 6457TW 本周通過股東臨時會，與矽統 2363TW 進行股份轉換，預計 2025 年元旦正式併入矽統，在未來展望看佳與合併案順利通過下，本周股價也同慶，最高一度達 72.3 元，創下 10 個月來新高，單周漲,"[""紘康"", ""矽統"", ""併購"", ""MCU"", ""電源管理IC""]",2024-10-12 12:50:02,台股新聞,827
5740882,https://news.cnyes.com/news/id/5740882,熱門股光通訊3尖兵9月營收個個強勁 周漲幅最高逾26,"隨 AI 技術發展，矽光子技術能有效降低能耗，重要性日漸增加，帶動相關光通訊廠業績強勢，光聖 6442TW聯鈞 3450TW9 月營收雙雙創歷史紀錄，上詮 3363TW 營收也維持近期高檔，帶動本周股價表現亮眼，其中上詮周漲幅最高，達 26.4。

聯鈞 9 月營收 7.97 億元，月增 21.2，年增 63.12，創下歷史新高；第三季營收約 20.9 億元，季增約 23年增約 49.2；累計前 9 月營收 50.91 億元，年增 28.53。

聯鈞本周漲幅 8.9，股價最高來到 210.5 元，創歷史新高，11 日收盤價 207.5 元。聯鈞表示，受惠於客戶需求暢旺，挹注 9 月營收成長，旗下主動式光纜 AOC 產品，已獲美系雲端平台青睞，可望成公司成長動力。

光聖 9 月營收 5.61 億元，創歷史次高，月增 5.3，年增 179；第三季營收 16.4 億元，創歷史新高，季增 13.8，年增 146；累計前 9 個月營收，營收 39.09 億元，年增 95.71。

光聖本周漲幅 17.04，11 日收盤價為 422.5 元，成功站上所有均線。光聖受惠於光主動元件獲美系資料中心客戶青睞，被動產品自製比率提升至 7 成；轉投資公司合聖也開發出矽光子晶片所需製程設計套件，未來有望切入 AI GPU 系統數據中心次世代 CPO 交換機全光網路等領域。

上詮 9 月營收 1.22 億元，月減 3.3年增 24.58；第 3 季營收 3.83 億元，登上八季來高點，季增 8.5，年增 16.8；累計前 9 個月達 10.04 億元，較去年同期成長 7.4。

上詮本周漲幅達 26.4，11 日收盤價為 246 元，股價來到歷史高點。上詮主力為光纖和矽光子晶片連接器，且為台積電 2330TW 檯面上唯一光通訊夥伴，將跟隨台積電腳步推矽光子進度，產品預計於 2026 年放量。",隨 AI 技術發展，矽光子技術能有效降低能耗，重要性日漸增加，帶動相關光通訊廠業績強勢，光聖 6442TW聯鈞 3450TW9 月營收雙雙創歷史紀錄，上詮 3363TW 營收也維持近期高檔，帶動本周股價表現亮眼,"[""光聖"", ""聯鈞"", ""上詮"", ""矽光子"", ""CPO"", ""營收""]",2024-10-12 12:30:12,台股新聞,827
5740878,https://news.cnyes.com/news/id/5740878,跟著巴菲特搭順風船！法人：航運股彎道超車 00960具價值回升空間,"近期市場消息指出，股神巴菲特的投資公司波克夏公司將發行一系列日元債券，籌得買進日本股票的資金，且鎖定標的包括航運類股。巴菲特常用資產報酬率 ROA股東權益報酬率 ROE 來選股，全球航運龍頭指數則擁有與美股相近的 ROE甚至是美股 2 倍以上水準的 ROA，可見航運股更富吸引力，未來具有較多價值回升空間。

野村投信表示，目前全球航運股在評價面上相當具有吸引力，例如 NYSE FactSet 全球航運龍頭息收指數預估本益比 PE 僅 4.97 倍，相較於美國 SP 500 指數的 20.92 倍差距甚大，而就股價淨值比來說，全球航運龍頭指數亦只有 0.85 倍，遠低於美股 SP 500 指數的 4.36 倍。

若觀察巴菲特常用的評估指標如資產報酬率 ROA股東權益報酬率 ROE 來看，全球航運龍頭指數則擁有與美股相近的 ROE甚至是美股 2 倍以上水準的 ROA，意謂著評價面更低廉但報酬潛力更加領先，未來可望具有較多價值回升空間。巴菲特是價值型投資人，相較於不斷創新高的美股更青睞尋找有基本面且未來具價值回升機會的投資標的，才能在瞬息萬變的投資世界中蓬勃發展。

00960 野村全球航運龍頭息收 ETF 經理人張怡琳分析表示，航運股與全球經濟與貿易成長具高度連動性，因此只要經濟與貿易活動穩健向上，全球航運股長期向上可期，全球貿易逾九成靠海運，加上貨櫃裝載民生物資屬剛性需求，與景氣連動度高。

根據統計，在盤勢拉回期間如持有航運一年以上平均的表現，可望報酬表現更為亮眼，加上 NYSE FactSet 全球航運龍頭息收指數，目前本益比不到 5 倍，股價淨值比低於一的優勢，航運後市值得期待。即便國際碼頭工人協會 103 達成協議，暫停為期 3 天的罷工，航運股運價拉回修正，然而只要全球經濟與貿易活動穩健向上，全球航運股長期表現便可期，中長線投資人反而可趁機進場。

張怡琳也提醒投資人，航運屬於單一產業股票且近期消息面變化快速，波動性將高於一般全球型股票，因此想跟著巴菲特一起參與全球航運大行情，最簡單的做法就是透過如國內首檔航運 ETF，00960 一次網羅全球三大航運類別貨櫃油輪及散裝龍頭企業。

00960 自 9 月 20 日上市以來，股價最高衝至 9 月 25 日的 19.09 元，最新收盤價為 10 月 11 日的 15.09 元。根據集保所資料，目前資產規模為 34.86 億元，受益人為 2.61 萬人，成交值高達 60.1 億元。",近期市場消息指出，股神巴菲特的投資公司波克夏公司將發行一系列日元債券，籌得買進日本股票的資金，且鎖定標的包括航運類股。巴菲特常用資產報酬率 ROA股東權益報酬率 ROE 來選股，全球航運龍頭指數則有與美股相近的 ROE,"[""航運股"", ""全球航運龍頭息收指數"", ""00960"", ""野村投信""]",2024-10-12 12:10:03,ETF,914
5740900,https://news.cnyes.com/news/id/5740900,中國六大行官宣：進行存量房貸利率批量調整,"中國工商銀行農業銀行中國銀行建設銀行交通銀行郵政儲蓄銀行等多家銀行陸續發佈公告，10 月 25 日起，將對存量個人房貸利率進行批量調整。

除貸款在北京上海深圳等地區且為二套房貸款的情形外，其他符合條件的房貸利率都將調整為貸款市場報價利率 LPR30BP。

據官媒央視新聞媒體試算，在 5 年期以上貸款市場報價利率 LPR 保持 3.85 不變的前提下：

假設在某二線城市，購房者當前房貸利率為貸款市場報價利率 LPR 不加點，即 3.85，調整後房貸利率為 LPR30BP，重定價後利率為 3.850.3，即 3.55，比調整前下降了 0.3。以貸款金額 100 萬元30 年期等額本息的房貸為例，調整後每月可節省支出約 170 元，總共節省利息約 6.1 萬元。

假設在某一線城市，購房者當前房貸利率為貸款市場報價利率 LPR55BP貸款發放時首套房貸利率政策，即 4.4，調整後房貸利率為 LPR30BP，重定價後利率為 3.850.3，即 3.55，比調整前下降 0.85。以貸款金額 100 萬元25 年期等額本息的房貸為例，調整後每月可節省支出約 469 元，總共節省利息約 14.06 萬元。

據統計，此次存量房貸利率下調預計惠及 5000 萬戶家庭，1.5 億人口，平均每年減少家庭利息支出 1500 億元左右。",中國工商銀行農業銀行中國銀行建設銀行交通銀行郵政儲蓄銀行等多家銀行陸續發佈公告，10 月 25 日起，將對存量個人房貸利率進行批量調整。,"[""中國房產"", ""樓市"", ""房地產"", ""存量房貸"", ""房貸利率""]",2024-10-12 11:50:02,大陸房市,848
5740865,https://news.cnyes.com/news/id/5740865,法國信評遭惠譽砍至負面 2028年債務GDP占比恐達118.5,"信用評等機構惠譽周五 11 日 已將法國的信用評級展望自穩定調整為負面，反映該國在經濟增長和公共財政方面面臨的挑戰。

惠譽指出，由於稅收收入低於預期而支出超出預期，法國今年的公共財政又急劇惡化，公共債務水準持續上升，預計未來幾年內將難以顯著降低。此外，經濟增長放緩，以及高通膨率對家庭支出的影響，恐進一步限制政府的財政靈活性。

惠譽在一份聲明中表示，法國今年預計財政下滑，使其處於更糟的財政起始位置。這意味著法國的財政赤字將擴大，導致政府債務在 2028 年前將上升到佔 GDP 的 118.5。儘管如此，惠譽仍將法國的信用評級保持在AA。

惠譽強調，法國政府需要採取更有效的政策來應對這些挑戰，以維持其投資級信用評級。惠譽分析師表示，若未來的經濟表現未能改善，將可能進一步下調法國的信用評級。

法國周四提出 2025 年預算，旨在透過針對富人和大公司的支出削減和增稅，將公共財政缺口縮小 600 億歐元655 億美元。

惠譽的評級調整引發了市場的廣泛關注，投資者對法國國債的需求可能會受到影響，進一步影響該國的融資成本。

法國政府尚未對此消息發表正式回應，但分析人士認為，這一評級前景可能會促使政府加快財政改革的步伐。",信用評等機構惠譽周五 11 日 已將法國的信用評級展望自穩定調整為負面，反映該國在經濟增長和公共財政方面面臨的挑戰。,"[""法國"", ""惠譽"", ""債信""]",2024-10-12 11:33:49,國際政經,833
5740897,https://news.cnyes.com/news/id/5740897,中國財政部：將大規模置換地方隱性債 2024年安排財政赤字4.06兆元,"中國國務院新聞辦公室今日舉行新聞發布會，介紹加大財政政策逆周期調節力度推動經濟高質量發展有關情況。財政部部長藍佛安在會上表示，中央財政還有較大的舉債空間和赤字提升空間。

中國財政部副部長廖岷財政部副部長王東偉財政部副部長郭婷婷也出席記者會回答問題。

財政部指出，目前，增發國債正在加快使用，超長期特別國債也在陸續下達使用。專項債券方面，待發額度加上已發未用的資金，後三個月各地共有人民幣 2.3 兆元專項債券資金可安排使用。財政部將督促地方切實用好各類債券資金，加快項目實施進度，根據實際需要及時撥付資金，儘快形成實物工作量，發揮對投資的拉動作用。

藍佛安強調，這項即將實施的政策是近年來推出的支持化債力度最大的一項措施，這無疑是一場政策及時雨，將大大減輕地方化債壓力，可以騰出更多資源發展經濟，提振經營主體信心，鞏固基層三保。

藍佛安表示，2024 年安排財政赤字 4.06 兆元，比上年年初預算增加 1800 億元；新增地方政府專項債務限額 3.9 兆元，比上年增加 1000 億元；發行 1 兆超長期特別國債，用好 2023 年增發國債資金，全年一般公共預算支出規模達到 28.55 兆元，持續保持較高的支出強度，為高質量發展提供有力支撐。

要點速覧


1. 中國財政有足夠的韌勁，通過採取綜合性措施，可以實現收支平衡，完成今年預算目標。
2. 推出一攬子增量政策：①支持地方化解隱性債務；②支持國有大型商業銀行補充核心一級資本；③支持推動房地產市場止跌回穩；④加大對重點群體的支持保障力度等。
3. 在工作中既要依法依規籌集財政收入，也要避免收 過頭稅，切實維護經營主體的權益。
4. 2024 年中央財政安排對地方轉移支付超 10 萬億元，將更多資金用於補充地方財力，支持地方兜牢基層 三保 底線。
5. 指導地方使用預算穩定調節基金等資金，保障財政支出的需要。
6. 擬一次性增加較大規模債務限額，置換地方政府存量隱性債務，加大力度支持地方化解債務風險。
7. 鼓勵有條件的地方盤活閒置資產，加強國有資本收益管理。
8. 用足用好各類債務資金，目前增發國債正在加快使用，超長期特別國債陸續下達使用，後三個月，各地共有 2.3 萬億元專項債資金可以安排使用。
9. 擬一次性增加較大規模債務限額，置換地方政府存量隱性債務。
10. 正在抓緊研究明確和取消普通住宅和非普通住宅標準相銜接的增值稅政策。
11. 2024 年進一步提高了城鄉居民基礎養老金最低標準，是歷次提標調整幅度最大，退休人員養老金水平總體提高 3 左右。
12. 下一步專項債重點是研究擴大專項債使用範圍，健全管理機制。
13. 2024 年國家獎學金獎勵名額將翻倍。
14. 擬在今明兩年集中推出一批條件成熟可感可及的改革舉措，如健全預算制度完善財政轉移支付體系等。


陸續推出一攬子有針對性增量政策舉措

藍佛安表示，依據 9 月 26 日召開的中央政治局會議部署，財政部在加快落實已確定政策的基礎上，圍繞穩增長擴內需化風險，將在近期陸續推出一攬子有針對性增量政策舉措。主要包括以下幾個方面：

一是加力支持地方化解政府債務風險，較大規模增加債務額度，支持地方化解隱性債務，地方可以騰出更多精力和財力空間來促發展保民生。

二是發行特別國債支持國有大型商業銀行補充核心一級資本，提升這些銀行抵御風險和信貸投放能力，更好地服務實體經濟發展。

三是疊加運用地方政府專項債券專項資金稅收政策等工具，支持推動房地產市場止跌回穩。

四是加大對重點群體的支持保障力度，國慶節前已向困難群眾發放一次性生活補助，下一步還將針對學生群體加大獎優助困力度，提升整體消費能力。

藍佛安說：逆周期調節絕不僅僅是以上的四點，這四點是目前已經進入決策程序的政策，還有其他政策工具也正在研究中。

加大力度支持地方化解債務風險

藍佛安表示，擬一次性增加較大規模債務限額，置換地方政府存量隱性債務，加大力度支持地方化解債務風險，相關政策待履行相關法定程序後再向社會做詳盡說明，這項政策是近年來推出的支持化債力度最大措施，這是一場及時雨，將大大減輕地方政府壓力，可以騰出更多資源支持經濟發展，鞏固基層三保。

藍佛安指出，三保保基層保基本民生保工資工作是財政最基本的職能。總的看，當前基層三保呈現總體平穩，局部偏緊態勢。以 2023 年為例，基本三保支出約占可用財政的八成左右。局部地區三保偏緊主要是財政收入增長放緩，以及地方政府債務負擔等影響。

下一步，財政部將採取 5 項措施。一是壓實各方責任。二是增強地方財力。結合年度預算安排，持續加大中央對地方轉移支付力度。向地方下達 4000 億的債務欠款，用於補充地方綜合財力。三是強化庫款調度，持續跟蹤地方收支運行和庫款保障情況。四是緩解債務壓力，更大力度置換地方政府債務。五是加強動態監測。

推動房地產市場止跌回穩

財政部副部長廖岷介紹，財政部主要有以下三個方面的考慮：

第一，允許專項債券用於土地儲備。主要是考慮到當前各地閒置未開發的土地相對較多，支持地方政府使用專項債券回收符合條件的閒置存量土地，確有需要的地區也可以用於新增的土地儲備項目。這項政策，既可以調節土地市場的供需關係，減少閒置土地，增強對土地供給的調控能力，又有利於緩解地方政府和房地產企業的流動性和債務壓力。

第二，支持收購存量房，優化保障性住房供給。考慮到當前已建待售的住房相對較多，我們主要採取兩項支持措施：一項是，用好專項債券來收購存量商品房用作各地的保障性住房。另一項是，繼續用好保障性安居工程補助資金，原來這個資金主要是用來支持以新建方式籌集保障性住房的房源，現在我們對支持的方向作出優化調整，適當減少新建規模，支持地方更多通過消化存量房的方式來籌集保障性住房的房源。通過這兩項措施，既可以消化存量商品房，促進房地產市場的供需平衡，又可以優化保障房的供給，滿足廣大中低收入人群的住房需求。

第三，及時優化完善相關稅收政策。按照黨中央決策部署，我們正在抓緊研究明確與取消普通住宅和非普通住宅標準相銜接的增值稅土地增值稅政策。下一步，還將進一步研究加大支持力度，調整優化相關稅收政策，促進房地產市場平穩健康發展。促進房地產穩定發展是一項系統工程，需要各項政策協同發力。在政策執行中，將持續加強財政政策與其他政策的協調，加強中央與地方的聯動，加強新老政策的銜接，打好組合拳，堅定不移推動房地產市場止跌回穩。",中國國務院新聞辦公室今日舉行新聞發布會，介紹加大財政政策逆周期調節力度推動經濟高質量發展有關情況。財政部部長藍佛安在會上表示，中央財政還有較大的舉債空間和赤字提升空間。,"[""中國股市"", ""救市"", ""財政部"", ""增量"", ""刺激計畫"", ""舉債空間"", ""擴大債務"", ""近年最大力度""]",2024-10-12 11:11:22,大陸政經,837
5740851,https://news.cnyes.com/news/id/5740851,熱門股志聖半導體設備出貨增 獲外資買盤推升股價周漲16,"半導體的先進封裝製程的需求持續漲之中，也將帶動相關設備廠業績走強，設備廠志聖 2467TW 本周股價上漲 34 元或 15.96，收在 247 元，並站上所有均線，主要在外資買盤的強力加碼達 4330 張。

志聖是台積電 2330TW 的供應鏈之一，並且早已切入 CoWoSSoIC 供應鏈，志聖自結 2024 年第第三季營收 10.92 億元，季減 21.92，年增 16.44，主要是因裝機驗收時程影響。法人預期，志聖第四季營收有望季增雙位數百分比，2024 年下半年估持平上半年，全年營收獲利雙位數成長可期。

志聖本周股價上漲 34 元或 15.96，收在 247 元，並站上所有均線，主要在外資買盤的強力加碼達 4330 張，如量能持續增溫，將有助於再度挑戰前高點的 263 元。


志聖日 K 線圖",半導體的先進封裝製程的需求持續漲之中，也將帶動相關設備廠業績走強，設備廠志聖 2467TW 本周股價上漲 34 元或 15.96，收在 247 元，並站上所有均線，主要在外資買盤的強力加碼達 4330 張。,"[""志聖"", ""台積電"", ""半導體"", ""營收""]",2024-10-12 11:10:07,台股新聞,827
5740845,https://news.cnyes.com/news/id/5740845,鴻海科技日登場新光金股臨會央行打炒房鬆綁 本周大事回顧,"鴻海科技日周二 8 日 登場，董事長劉揚偉指出，AI 對企業具有商業價值，鴻海及供應鏈都準備好了，將成首個量產出貨 GB200 的公司；新光金周三 9 日 召開股臨會，72 贊成新新併；央行周三宣布提供三大協處措施，放寬限制，以下為本周大事 

鴻海科技日劉揚偉：量產出貨 GB200 搶頭香 供應鏈也準備好了 

鴻海科技日 HHTD24 周二 8 日 登場，鴻海 2317TW 董事長劉揚偉開場致詞時表示，人工智慧 AI 對企業來說具有商業價值，看起來需求非常令人振奮，而鴻海及供應鏈已準備好了，將成為首個量產出貨 GB200 的公司。 

劉揚偉也透露，目前正在墨西哥打造全球最大的 GB200 工廠，產能非常巨大。同時，他認為，隨著主權 AI概念興起，伺服器製造在地化將成為未來趨勢。 

此外，也正式發表 MODEL D 新世代多功能生活休旅車，以及 MODEL U 新型態電動中型巴士，同時正式揭露為美國合作夥伴打造的北美版 MODEL C，並預告 2025 年底正式量產推出。 

新光金股臨會72 贊成新新併 魏寶生：創造金融業歷史 

新光金 2888TW 周三 9 日 臨時股東會歷時 3 個半小時，會中股東盡情發言，普通股股東出席比率高達 85.63，最終表決，贊成比率達 72.29，董事長魏寶生宣布與台新金的合併案通過。魏寶生表示，此合併案創造了金融業歷史，將會盡快送件與主管機關溝通。 

魏寶生也透露，外資股東相當肯定此案，支持度幾乎全壘打，並強調股臨會後就是溝通的開始，爭取員工全數留任，各子公司都會深入了解；至於送件金管會時程，魏寶生說，因為主管機關最為重視員工權益，還需要時間溝通交流，盡量趕在 10 月底前送件吧。 

台新金股臨會92 贊成併購新光金 小股東贈禮盼吳東亮10 萬伏特電力 

台新金 2887TW 股東臨時會周三 9 日上午登場，討論與新光金 2888TW 合併案，普通股出席率達到 78.52，較以往股東會踴躍，最終表決，贊成權數達 92.72，超過法定規定，通過合併案。值得注意的是，首位登記發言的股東，贈送一隻皮卡丘給董事長吳東亮，希望他也能擁有 10 萬伏特的電力。 

央行打炒房的配套放寬措施來了 這三類人可免波及 

中央銀行日前祭出第七波打炒房措施，被市場解讀為史上出手最重，並將嚴重衝擊房市信心，波及無辜民眾，央行周三 9 日 宣布提供三大協處措施，排除對繼承房屋者實質換屋族的限制，且申辦新青安的首購族也不受此影響。 

房產央行打炒房鬆綁 房仲：繼承取得購屋者解套 但換屋族還要看銀行態度 

台灣央行周三 9 日 提出避免錯殺條款，針對繼承取得不動產想要購屋的民眾，可以不計入繼承取得的房屋數與房貸數戶，有利於繼承一族的購屋申貸，另外，針對換屋族群可以用切結出售舊屋方式，取得較好的房貸條件，信義房屋 9940TW 不動產企研室專案經理曾敬德表示，央行避開可能會錯殺到的族群，但整體而言房貸的水龍頭還是沒有打開。 

台積電 9 月營收創次高 Q3 營收 7596 億元飛越財測寫新高 

晶圓代工大廠台積電 2330TWTSMUS 周三 9 日 公布 9 月營收為新台幣 2518 億 7300 萬元，改寫歷史單月次高，月增 0.4，年增 39.6，第三季營收為新台幣 7596 億 9243 萬元，創下單季新高，也超越財測高標 7540 億元，季增 12.8，年增 39，累計前三季營收為新台幣 2 兆 258 億 4700 萬元，年增 31.9。",鴻海科技日 8 日登場，董事長劉揚偉指出，AI 對企業具有商業價值，鴻海及供應鏈都準備好了，將成首個量產出貨 GB200 的公司；新光金 9 日召開股臨會，72 贊成新新併；央行周三宣布提供三大協處措施，放寬限制，以下為本周大事回顧。,"[""本周大事"", ""鴻海"", ""新光金"", ""台新金"", ""新新併"", ""央行"", ""打炒房""]",2024-10-12 10:50:02,台股新聞,827
5740876,https://news.cnyes.com/news/id/5740876,熱門股王品Q4持續展店拚佳績 周線連3紅創7月以來新高價,"連鎖餐飲集團王品 2727TW 公布第三季合併營收達 56.56 億元，創單季次高，僅次於去年同期，顯示深入在全台各地拓展的策略有成，進入第四季，王品開始與外送平台 foodpanda 合作，並維持既定的展店腳步，法人樂觀看待，第四季業績續創高可期。

王品指出，9 月在中秋節的激勵下，旗下三大燒肉品牌Oh my! 原燒肉次方和金咕韓式燒肉當日來客數甚至達 23 倍成長。

另一方面，王品較新的品牌包括就饗鐵板燒尬鍋丰禾台味風格料理等也開始展店腳步。

王品 9 月台灣事業群營收已達 14.5 億元，改寫同期新高，其中，肉次方共 4 家分店突破千萬營收，夏慕尼青花驕與和牛涮合計 7 家門店也達成千萬大店成績。

進入第四季後，王品預計持續展店，使全年達成展店約 30 家目標，值得注意的是，阪前台北桃園 2 家新店點已於 10 月開始營運，顯示切入高端鐵板燒市場有初步成果。


王品日 K 線圖",熱門股王品周線連 3 紅 創 7 月以來新高價,"[""王品"", ""餐飲"", ""熱門股"", ""營收創高"", ""展店""]",2024-10-12 10:10:05,台股新聞,827
5740866,https://news.cnyes.com/news/id/5740866,英國智庫：工黨政府恐需增稅200億英鎊 避免支出實質削減,"英國智庫決議基金會 Resolution Foundation 週六12 日 報告指出，英國新任工黨政府恐需在 10 月 30 日的首次預算中增加 200 億英鎊約合 260 億美元的稅收，才能避免公共服務的實質性削減。


實質性削減：考慮到通貨膨脹後的實際支出減少，即使名義上的預算可能沒有變化，但因為物價上漲，實際可用於公共服務的資金會減少。


該智庫建議，修訂預算規則，採用替代的公共債務定義，將使財政部長 Rachel Reeves 能夠在遵守選舉前承諾降低債務，同時也為長期投資提供資金。

報告中提到，預算應該為國會設定新的方向，推動大規模的長期資本投資計畫，考慮投資的益處與成本制定新財政政策。該智庫研究主任 James Smith 表示，工黨應該根據公共部門淨資產來定義債務，這是一種廣泛的衡量標準，能夠抵消公共資產的價值與過去的借貸，從而為額外的 500 億英鎊投資創造空間。

Smith 強調，雖然短期內可能會引發對稅收上升和額外借貸的擔憂，但恢復公共服務新基礎設施和更強的經濟增長是英國所需的長期利益。官方數據顯示，英國 8 月經濟產出增長 0.2，結束了連續兩個月的停滯。然而，商業和消費者信心調查指出，市場情緒低迷，對潛在稅收上升的擔憂加劇。

財政研究所Institute for Fiscal Studies本周初預測，Reeves 需要增加 250 億英鎊的稅收，才能結束前首相 Rishi Sunak 保守黨政府最後預算中對公共服務的壓力。Reeves 表示，保守黨留下了 220 億英鎊的財政缺口，並警告某些稅收將不得不上調。

該智庫指出，Reeves 可以通過取消遺產稅的豁免提高資本利得稅以及對雇主對工人退休金的貢獻徵收社會保障稅，來增加 200 億英鎊的稅收收入，這大約佔國內生產總值的 0.7。

工黨已表示不會提高勞動人民的稅收，並排除了對主要的所得稅增值稅國民保險和公司稅的上調，這些稅收約占當前稅收收入的四分之三。

1 美元  0.7654 英鎊",英國智庫決議基金會 Resolution Foundation 週六12 日 報告指出，英國新任工黨政府恐需在 10 月 30 日的首次預算中增加 200 億英鎊約合 260 億美元的稅收，才能避免公共服務的實質性削減。,"[""英國"", ""稅收"", ""增稅""]",2024-10-12 09:45:31,國際政經,833
5740841,https://news.cnyes.com/news/id/5740841,熱門股金寶伺服器業務布局效益顯現 周漲逾1成,"金寶 2312TW 積極搶進伺服器領域，AI 伺服器業務也進入爬坡階段，加上 9 月營收達 185.45 億元，登上全年高峰，激勵金寶本周漲勢強勁，周漲逾 1 成。 

金寶本周漲幅 14.29，更在周五 11 日 亮燈漲停鎖住 24 元，一舉站上所有均線。至於三大法人本周籌碼動向，三大法人僅在周一 7 日 買超 5755 張，接著連續 3 個交易日皆賣超，本周合計賣超 1131 張。 

金寶布局伺服器領域，總經理陳威昌提到，目前以 L2 PC 版製造為主，且已在墨西哥廠試產，目標朝向系統組裝前進。至於各產品線展望，2025 年仍看好消費型產品，且營收比重將占最高，像是影像產品中的印表機正穩步上升，伺服器雖然占比不高，但明年出貨將優於今年。。 

此外，目前金寶訂單能見度維持 12 至 14 個月，也持續優化產品組合，並提高與部分客戶的代工層級，往 ODM 方向邁進，汰弱留強將利潤最大化。 

金寶 9 月營收 185.45 億元，月增 34.7，年增 21.7；第三季營收 459.47 億元，季增 14.64，年增 15.9，為近 7 季新高點；累計今年前三季營收 1191.11 億元，年增 0.7。",金寶 2312TW 積極搶進伺服器領域，AI 伺服器業務也進入爬坡階段，加上 9 月營收達 185.45 億元，登上全年高峰，激勵金寶本周漲勢強勁，周漲逾 1 成。,"[""金寶"", ""伺服器"", ""消費產品""]",2024-10-12 09:30:03,台股新聞,827
5740808,https://news.cnyes.com/news/id/5740808,熱門股上銀9月營收創14個月新高 周漲近1成站上年線,"工具機關鍵零組件大廠上銀 2049TW 9 月營收回溫，衝上 21.64 億元，創下 14 個月新高，法人樂觀看待第四季及明年展望，上銀 11 日獲得外資大買 3022 張，股價強漲逾 8，收在 236.5 元，一舉站上年線，創近 5 個月新高，累計單周漲幅達 9.23。

上銀今年 9 月合併營收 21.64 億元，月增 6.02年增 0.13；第三季合併營收 63.26 億元，年減 3.53；累計前三季合併營收 180.16 億元，年減 4.55。

上銀自去年 11 月起訂單慢慢回升，並從今年 3 月起開始加班趕工，營收呈現逐季上揚，線性滑軌及滾珠螺桿等傳動系統元件訂單能見度平均 2 至 3 個月。

董事長卓文恒日前表示，上銀機器人除醫療晶圓直節式多關節外，也規劃搶進特殊產業需求的 Al 機器人，其中，與物流焊接等產業廠商合作開發的 AI 機器人，很快看到結果。

卓文恒說，儘管目前狀況還不是很明朗，仍正向看待下半年展望，全年營收獲利可望有雙位數的成長。",工具機關鍵零組件大廠上銀 2049TW 9 月營收回溫，衝上 21.64 億元，創近 14 個月新高，法人樂觀看待第四季及全年展望,"[""上銀"", ""熱門股"", ""營收""]",2024-10-12 09:10:52,台股新聞,827
5740128,https://news.cnyes.com/news/id/5740128,中國房市得13.7兆才能救！習近平打了16年最強救市猛藥能撐多久？一文拆解中國救命術,"撰文  今周刊編輯團隊

曾經有一段時間，外資不怎麼碰我們的資產，但過去這個星期，我們接到的全球投資者要求進行電話會議視訊會議的數量，卻急劇上升。現任野村證券中國首席經濟學家陸挺這樣說。

陸挺表示過去一個星期，明顯感覺到外資氛圍的變化，有一種久旱逢甘露的感覺，反應非常熱烈。在中國十一長假的前一周，疫情後一路委靡不振的中國股市，在一片市場驚詫聲中，迎來了罕見的活力。

10 月 8 日，滬深兩市開盤短短 30 分鐘，成交額就突破了 1.2 兆人民幣約 5.5 兆新台幣，再次創下歷史紀錄。當日收盤，滬深兩市成交額達 3 兆人民幣約 13.7 兆新台幣；一樣，再度寫下歷史。

根據中國海通證券統計，和這波行情啟動前相比，海通新增開戶數成長超過 3 倍，設法找回證券戶密碼的諮詢需求，更比平常多 6 倍。

中國祭出 16 年來最華麗救市拳，出乎市場預料的強勁貨幣政策，與中央政治局的罕見表態，普遍獲得外資叫好。

中國走的方向是正確的！一名曾在上海從事製造業多年現以財務諮詢業務為主的台商對本刊表示，這波政策轉向，似乎顯示中國對經濟問題的態度轉變，從國家主席習近平過去主張以強本固源為主訴求讓經濟結構慢慢調整的中醫療法，轉換成由總理李強主導傾向直搗黃龍的西醫療法；當然，長期效益仍待觀察，但短期，對市場一定是利多！他說。

但這是否也意味著中國經濟困境已到了超乎預期的慘烈境地？對此，曾在中國國土部門任職擁有廣大粉絲的知名經濟觀察家老蠻發表評論，指出可從兩個面向分析此番救市背景，第一，是中央政府的財政收入；第二，是主要城市的消費。

財政收入月減 3 成大城消費急凍，背後是房地產行業的委靡，以及中國政府對特定行業的調控所致。對於中國這次的救市組合拳，相較於投資機構在第一時間的叫好反應，愈是熟悉中國問題的專家，或是中國當地的產學人士，愈是語帶保留。

就以重中之重的房市來看，曾被稱為華爾街中國通的前摩根士丹利首席經濟學家羅奇Stephen Roach對本刊表示，中國最新的金融刺激措施固然令人印象深刻，但對於如何有效應對房地產市場進一步衰退的問題，目前相關的財政計畫，仍然缺乏明確的細節。

以中國房企巨擘碧桂園 2023 年的數據為例，蓋完但沒有賣掉的房子約為 3.6 萬戶，正在蓋但還沒有賣掉的房子約 35 萬戶，而賣掉但還沒有蓋完的房子，足足達到 73 萬戶，這個部分，才是問題核心，也是最險峻的保交樓戰場。據陸挺估算，要解決這波保交樓危機，大約需要 3 兆人民幣約 13.7 兆新台幣的財政挹注，才有可能完成。

一劑 2008 年來最強的救市猛藥，讓近年健康狀況頻頻惡化近乎奄奄一息的中港資本市場，迎來罕見春燕。然而，這趟中國經濟的復甦之旅，能否走得既長且穩，仍有賴以習近平為首的中共中央領導人，深刻面對中國經濟的結構性問題，並積極尋求發展路線的再平衡。

否則，在羅奇的眼中，最壞的情況下，目前支撐中國經濟的春燕恐是曇花一現，而這趟資本市場的回春之旅，最終，恐將被證實只是一場虛假的黎明。他說。

來源：今周刊 第 1451 期
更多精彩內容請至今周刊

本文授權自今周刊，原文見此。



你可能也會感興趣

拿 500 萬存 0056，月領快 6 萬真能辦到？施昇輝：高息 ETF 這樣存退休後放心花錢

身價 4 億年領 660 萬股息，88 歲神級散戶阿公卻說：只買高股息，遲早吃苦頭！6 大重點找出會賺錢股票",曾經有一段時間，外資不怎麼碰我們的資產，但過去這個星期，我們接到的全球投資者要求進行電話會議視訊會議的數量，卻急劇上升。現任野村證券中國首席經濟學家陸挺這樣說。,"[""趨勢分析"", ""今周刊"", ""習近平"", ""房市"", ""樓市"", ""救市""]",2024-10-12 09:00:04,雜誌,872
